-- =============================================
-- SEED DATA: retail_management_v5
-- Store  : Laptop Store
-- Period : 01/01/2026 - 31/03/2026
-- Scale  : ~20 customers, ~50 orders
-- =============================================

USE [retail_management_v5];
GO

-- =============================================
-- 1. USERS (staff + customer accounts)
-- =============================================
SET IDENTITY_INSERT dbo.users ON;
INSERT INTO dbo.users (id, username, email, password_hash, role, is_active, created_at, updated_at) VALUES
(1,  'admin',       'admin@laptopstore.vn',      '$2a$12$hashedpw001', 'ADMIN',     1, '2025-12-01 08:00:00', '2025-12-01 08:00:00'),
(2,  'sales01',     'sales01@laptopstore.vn',     '$2a$12$hashedpw002', 'SALES',     1, '2025-12-01 08:00:00', '2025-12-01 08:00:00'),
(3,  'sales02',     'sales02@laptopstore.vn',     '$2a$12$hashedpw003', 'SALES',     1, '2025-12-01 08:00:00', '2025-12-01 08:00:00'),
(4,  'inventory01', 'inventory01@laptopstore.vn', '$2a$12$hashedpw004', 'INVENTORY', 1, '2025-12-01 08:00:00', '2025-12-01 08:00:00'),
-- customer accounts
(5,  'nguyen.minh.tuan',  'nmtuan@gmail.com',     '$2a$12$hashedpw005', 'CUSTOMER', 1, '2026-01-02 09:15:00', '2026-01-02 09:15:00'),
(6,  'tran.thi.lan',      'ttlan@gmail.com',       '$2a$12$hashedpw006', 'CUSTOMER', 1, '2026-01-03 10:20:00', '2026-01-03 10:20:00'),
(7,  'le.van.hung',       'lvhung@yahoo.com',      '$2a$12$hashedpw007', 'CUSTOMER', 1, '2026-01-05 14:00:00', '2026-01-05 14:00:00'),
(8,  'pham.quoc.bao',     'pqbao@gmail.com',       '$2a$12$hashedpw008', 'CUSTOMER', 1, '2026-01-07 11:30:00', '2026-01-07 11:30:00'),
(9,  'hoang.thi.mai',     'htmai@gmail.com',       '$2a$12$hashedpw009', 'CUSTOMER', 1, '2026-01-10 16:45:00', '2026-01-10 16:45:00'),
(10, 'dang.van.long',     'dvlong@outlook.com',    '$2a$12$hashedpw010', 'CUSTOMER', 1, '2026-01-12 09:00:00', '2026-01-12 09:00:00'),
(11, 'nguyen.thu.huong',  'nthuong@gmail.com',     '$2a$12$hashedpw011', 'CUSTOMER', 1, '2026-01-15 13:20:00', '2026-01-15 13:20:00'),
(12, 'vo.duc.thinh',      'vdthinh@gmail.com',     '$2a$12$hashedpw012', 'CUSTOMER', 1, '2026-01-18 10:10:00', '2026-01-18 10:10:00'),
(13, 'bui.thi.ngoc',      'btngoc@gmail.com',      '$2a$12$hashedpw013', 'CUSTOMER', 1, '2026-01-20 15:00:00', '2026-01-20 15:00:00'),
(14, 'tran.minh.khoa',    'tmkhoa@gmail.com',      '$2a$12$hashedpw014', 'CUSTOMER', 1, '2026-01-22 08:30:00', '2026-01-22 08:30:00'),
(15, 'ly.thi.kim.anh',    'ltkimganh@gmail.com',   '$2a$12$hashedpw015', 'CUSTOMER', 1, '2026-01-25 17:00:00', '2026-01-25 17:00:00'),
(16, 'nguyen.cong.dat',   'ncdat@gmail.com',       '$2a$12$hashedpw016', 'CUSTOMER', 1, '2026-02-01 09:00:00', '2026-02-01 09:00:00'),
(17, 'phan.van.tu',       'pvtu@gmail.com',        '$2a$12$hashedpw017', 'CUSTOMER', 1, '2026-02-05 11:00:00', '2026-02-05 11:00:00'),
(18, 'do.thi.thanh',      'dtthanh@gmail.com',     '$2a$12$hashedpw018', 'CUSTOMER', 1, '2026-02-10 14:30:00', '2026-02-10 14:30:00'),
(19, 'trinh.quang.vinh',  'tqvinh@gmail.com',      '$2a$12$hashedpw019', 'CUSTOMER', 1, '2026-02-15 10:00:00', '2026-02-15 10:00:00'),
(20, 'cao.thi.phuong',    'ctphuong@gmail.com',    '$2a$12$hashedpw020', 'CUSTOMER', 1, '2026-02-20 16:00:00', '2026-02-20 16:00:00'),
(21, 'mai.van.duc',       'mvduc@gmail.com',       '$2a$12$hashedpw021', 'CUSTOMER', 1, '2026-03-01 09:30:00', '2026-03-01 09:30:00'),
(22, 'nguyen.bich.van',   'nbvan@gmail.com',       '$2a$12$hashedpw022', 'CUSTOMER', 1, '2026-03-05 10:00:00', '2026-03-05 10:00:00'),
(23, 'dinh.van.khanh',    'dvkhanh@gmail.com',     '$2a$12$hashedpw023', 'CUSTOMER', 1, '2026-03-10 11:15:00', '2026-03-10 11:15:00');
SET IDENTITY_INSERT dbo.users OFF;
GO

-- =============================================
-- 2. CUSTOMERS
-- =============================================
SET IDENTITY_INSERT dbo.customers ON;
INSERT INTO dbo.customers (id, user_id, name, email, phone, date_of_birth, customer_type, vip_tier, loyalty_points, total_spent, last_order_at, last_login_at, address, is_active, spin_discount_bonus, created_at, updated_at) VALUES
(1,  5,  N'Nguyễn Minh Tuấn',  'nmtuan@gmail.com',    '0901234501', '1990-05-15', 'VIP',     'GOLD',   2850, 52400000, '2026-03-20 10:00:00', '2026-03-20 11:00:00', N'12 Lê Lợi, Q1, TP.HCM',          1, 5.00, '2026-01-02 09:15:00', '2026-03-20 10:00:00'),
(2,  6,  N'Trần Thị Lan',      'ttlan@gmail.com',     '0901234502', '1992-08-20', 'VIP',     'SILVER', 1420, 27800000, '2026-03-15 14:00:00', '2026-03-15 15:00:00', N'45 Nguyễn Huệ, Q1, TP.HCM',      1, 3.00, '2026-01-03 10:20:00', '2026-03-15 14:00:00'),
(3,  7,  N'Lê Văn Hùng',       'lvhung@yahoo.com',    '0901234503', '1988-03-10', 'VIP',     'GOLD',   3100, 61500000, '2026-03-25 09:00:00', '2026-03-25 10:00:00', N'78 Đinh Tiên Hoàng, Q3, TP.HCM', 1, 7.00, '2026-01-05 14:00:00', '2026-03-25 09:00:00'),
(4,  8,  N'Phạm Quốc Bảo',     'pqbao@gmail.com',     '0901234504', '1995-11-30', 'REGULAR', NULL,     580,  11200000, '2026-03-10 11:00:00', '2026-03-10 12:00:00', N'23 Trần Hưng Đạo, Q5, TP.HCM',   1, 0.00, '2026-01-07 11:30:00', '2026-03-10 11:00:00'),
(5,  9,  N'Hoàng Thị Mai',     'htmai@gmail.com',     '0901234505', '1993-07-22', 'VIP',     'SILVER', 1650, 32100000, '2026-03-18 16:00:00', '2026-03-18 17:00:00', N'56 Lý Tự Trọng, Q1, TP.HCM',     1, 3.00, '2026-01-10 16:45:00', '2026-03-18 16:00:00'),
(6,  10, N'Đặng Văn Long',     'dvlong@outlook.com',  '0901234506', '1987-12-05', 'REGULAR', NULL,     320,   6800000, '2026-02-28 09:00:00', '2026-02-28 10:00:00', N'90 Võ Văn Tần, Q3, TP.HCM',      1, 0.00, '2026-01-12 09:00:00', '2026-02-28 09:00:00'),
(7,  11, N'Nguyễn Thu Hương',  'nthuong@gmail.com',   '0901234507', '1991-04-18', 'VIP',     'GOLD',   2200, 43600000, '2026-03-22 13:00:00', '2026-03-22 14:00:00', N'14 Hai Bà Trưng, HN',             1, 5.00, '2026-01-15 13:20:00', '2026-03-22 13:00:00'),
(8,  12, N'Võ Đức Thịnh',      'vdthinh@gmail.com',   '0901234508', '1994-09-25', 'REGULAR', NULL,     750,  14900000, '2026-03-12 10:00:00', '2026-03-12 11:00:00', N'67 Bà Triệu, HN',                 1, 0.00, '2026-01-18 10:10:00', '2026-03-12 10:00:00'),
(9,  13, N'Bùi Thị Ngọc',      'btngoc@gmail.com',    '0901234509', '1996-02-14', 'REGULAR', NULL,     410,   8200000, '2026-03-05 15:00:00', '2026-03-05 16:00:00', N'33 Lê Duẩn, Q1, TP.HCM',         1, 0.00, '2026-01-20 15:00:00', '2026-03-05 15:00:00'),
(10, 14, N'Trần Minh Khoa',    'tmkhoa@gmail.com',    '0901234510', '1989-06-30', 'VIP',     'SILVER', 1180, 23400000, '2026-03-08 08:00:00', '2026-03-08 09:00:00', N'11 Phạm Ngọc Thạch, Q3, TP.HCM', 1, 3.00, '2026-01-22 08:30:00', '2026-03-08 08:00:00'),
(11, 15, N'Lý Thị Kim Anh',    'ltkimganh@gmail.com', '0901234511', '1997-10-08', 'REGULAR', NULL,     200,   3900000, '2026-02-20 17:00:00', '2026-02-20 18:00:00', N'55 Nguyễn Đình Chiểu, Q3',       1, 0.00, '2026-01-25 17:00:00', '2026-02-20 17:00:00'),
(12, 16, N'Nguyễn Công Đạt',   'ncdat@gmail.com',     '0901234512', '1993-01-20', 'REGULAR', NULL,     490,   9700000, '2026-03-14 09:00:00', '2026-03-14 10:00:00', N'88 Cách Mạng Tháng 8, Q10',      1, 0.00, '2026-02-01 09:00:00', '2026-03-14 09:00:00'),
(13, 17, N'Phan Văn Tú',       'pvtu@gmail.com',      '0901234513', '1985-08-12', 'VIP',     'GOLD',   3800, 75200000, '2026-03-28 11:00:00', '2026-03-28 12:00:00', N'22 Đinh Bộ Lĩnh, Bình Thạnh',    1, 7.00, '2026-02-05 11:00:00', '2026-03-28 11:00:00'),
(14, 18, N'Đỗ Thị Thanh',      'dtthanh@gmail.com',   '0901234514', '1990-03-27', 'REGULAR', NULL,     370,   7400000, '2026-03-02 14:00:00', '2026-03-02 15:00:00', N'44 Hoàng Văn Thụ, Phú Nhuận',    1, 0.00, '2026-02-10 14:30:00', '2026-03-02 14:00:00'),
(15, 19, N'Trịnh Quang Vinh',  'tqvinh@gmail.com',    '0901234515', '1992-05-03', 'REGULAR', NULL,     640,  12700000, '2026-03-16 10:00:00', '2026-03-16 11:00:00', N'19 Phan Đình Phùng, Phú Nhuận',  1, 0.00, '2026-02-15 10:00:00', '2026-03-16 10:00:00'),
(16, 20, N'Cao Thị Phương',    'ctphuong@gmail.com',  '0901234516', '1994-12-15', 'REGULAR', NULL,     150,   2900000, '2026-03-01 16:00:00', '2026-03-01 17:00:00', N'71 Lê Văn Sỹ, Q3, TP.HCM',       1, 0.00, '2026-02-20 16:00:00', '2026-03-01 16:00:00'),
(17, 21, N'Mai Văn Đức',       'mvduc@gmail.com',     '0901234517', '1988-07-19', 'REGULAR', NULL,     280,   5600000, '2026-03-20 09:00:00', '2026-03-20 10:00:00', N'38 Nguyễn Kiệm, Gò Vấp',         1, 0.00, '2026-03-01 09:30:00', '2026-03-20 09:00:00'),
(18, 22, N'Nguyễn Bích Vân',   'nbvan@gmail.com',     '0901234518', '1995-09-06', 'REGULAR', NULL,     100,   1900000, '2026-03-15 10:00:00', '2026-03-15 11:00:00', N'15 Quang Trung, Gò Vấp',         1, 0.00, '2026-03-05 10:00:00', '2026-03-15 10:00:00'),
(19, 23, N'Đinh Văn Khánh',    'dvkhanh@gmail.com',   '0901234519', '1991-11-11', 'REGULAR', NULL,     220,   4300000, '2026-03-25 11:00:00', '2026-03-25 12:00:00', N'62 Nguyễn Oanh, Gò Vấp',         1, 0.00, '2026-03-10 11:15:00', '2026-03-25 11:00:00'),
-- walk-in / guest customer (no user account)
(20, NULL, N'Khách lẻ',        NULL,                   NULL,          NULL,         'REGULAR', NULL,    0,     0,        NULL,                  NULL,                  NULL,                               1, 0.00, '2026-01-01 08:00:00', '2026-01-01 08:00:00');
SET IDENTITY_INSERT dbo.customers OFF;
GO

-- =============================================
-- 3. CATEGORIES
-- =============================================
SET IDENTITY_INSERT dbo.categories ON;
INSERT INTO dbo.categories (id, name, description, parent_id, display_order, is_active, created_at, updated_at) VALUES
(1, N'Laptop',            N'Tất cả dòng laptop',              NULL, 1, 1, '2025-12-01 08:00:00', '2025-12-01 08:00:00'),
(2, N'Laptop Văn phòng',  N'Mỏng nhẹ, pin trâu, giá tốt',    1,    1, 1, '2025-12-01 08:00:00', '2025-12-01 08:00:00'),
(3, N'Laptop Gaming',     N'Card đồ họa mạnh, màn hình cao',  1,    2, 1, '2025-12-01 08:00:00', '2025-12-01 08:00:00'),
(4, N'Laptop Đồ họa',     N'Màu sắc chính xác, Workstation',  1,    3, 1, '2025-12-01 08:00:00', '2025-12-01 08:00:00'),
(5, N'MacBook',           N'Dòng Apple MacBook',               1,    4, 1, '2025-12-01 08:00:00', '2025-12-01 08:00:00'),
(6, N'Phụ kiện Laptop',   N'Túi, chuột, bàn phím ngoài...',  NULL,  5, 1, '2025-12-01 08:00:00', '2025-12-01 08:00:00');
SET IDENTITY_INSERT dbo.categories OFF;
GO

-- =============================================
-- 4. TAGS
-- =============================================
SET IDENTITY_INSERT dbo.tags ON;
INSERT INTO dbo.tags (id, name, tag_type, is_active, created_at) VALUES
(1,  N'bestseller',   'GENERAL', 1, '2025-12-01 08:00:00'),
(2,  N'new-arrival',  'GENERAL', 1, '2025-12-01 08:00:00'),
(3,  N'gaming',       'GENERAL', 1, '2025-12-01 08:00:00'),
(4,  N'office',       'GENERAL', 1, '2025-12-01 08:00:00'),
(5,  N'apple',        'GENERAL', 1, '2025-12-01 08:00:00'),
(6,  N'thin-light',   'GENERAL', 1, '2025-12-01 08:00:00'),
(7,  N'workstation',  'GENERAL', 1, '2025-12-01 08:00:00'),
(8,  N'sale',         'PROMO',   1, '2025-12-01 08:00:00');
SET IDENTITY_INSERT dbo.tags OFF;
GO

-- =============================================
-- 5. PRODUCTS
-- =============================================
SET IDENTITY_INSERT dbo.products ON;
INSERT INTO dbo.products (id, name, sku, description, brand, is_visible, is_featured, is_new, is_faulty, view_count, sold_count, created_at, updated_at) VALUES
(1,  N'Dell XPS 15 9530',             'DELL-XPS15-9530',   N'Laptop cao cấp màn hình OLED 15.6", Core i7-13700H',   N'Dell',    1, 1, 0, 0, 420, 12, '2025-12-01 08:00:00', '2026-03-31 00:00:00'),
(2,  N'Dell Inspiron 15 3520',        'DELL-INS15-3520',   N'Laptop văn phòng phổ thông Core i5-1235U',             N'Dell',    1, 0, 0, 0, 380, 18, '2025-12-01 08:00:00', '2026-03-31 00:00:00'),
(3,  N'HP Spectre x360 14',           'HP-SPECT-X360-14',  N'Laptop 2-in-1 cao cấp OLED, Core i7-1355U',           N'HP',      1, 1, 0, 0, 290, 8,  '2025-12-01 08:00:00', '2026-03-31 00:00:00'),
(4,  N'HP Victus 15 Gaming',          'HP-VIC15-2023',     N'Laptop gaming tầm trung RTX 3050, Core i5-12450H',    N'HP',      1, 0, 0, 0, 510, 22, '2025-12-01 08:00:00', '2026-03-31 00:00:00'),
(5,  N'Asus ROG Strix G16',           'ASUS-ROG-G16-2025', N'Laptop gaming cao cấp RTX 4070, Core i9-13980HX',     N'Asus',    1, 1, 1, 0, 630, 9,  '2026-01-05 08:00:00', '2026-03-31 00:00:00'),
(6,  N'Asus VivoBook 15',             'ASUS-VB15-X1504',   N'Laptop văn phòng mỏng nhẹ Core i5-1235U',             N'Asus',    1, 0, 0, 0, 445, 24, '2025-12-01 08:00:00', '2026-03-31 00:00:00'),
(7,  N'Lenovo ThinkPad E14 Gen5',     'LEN-TPE14-G5',      N'Laptop doanh nhân bền bỉ, Core i5-1335U, bảo mật cao',N'Lenovo',  1, 0, 0, 0, 260, 14, '2025-12-01 08:00:00', '2026-03-31 00:00:00'),
(8,  N'Lenovo IdeaPad Gaming 3',      'LEN-IDG3-2025',     N'Laptop gaming phổ thông RTX 3050, Ryzen 5 7535H',     N'Lenovo',  1, 0, 1, 0, 490, 19, '2026-01-10 08:00:00', '2026-03-31 00:00:00'),
(9,  N'Apple MacBook Air M3 13"',     'APPLE-MBA-M3-13',   N'MacBook Air chip M3, màn hình Liquid Retina 13.6"',   N'Apple',   1, 1, 1, 0, 820, 15, '2026-01-01 08:00:00', '2026-03-31 00:00:00'),
(10, N'Apple MacBook Pro M3 Pro 14"', 'APPLE-MBP-M3P-14',  N'MacBook Pro chip M3 Pro, màn hình Liquid Retina XDR', N'Apple',   1, 1, 0, 0, 560, 7,  '2025-12-01 08:00:00', '2026-03-31 00:00:00'),
(11, N'MSI Katana 15 B13V',           'MSI-KAT15-B13V',    N'Laptop gaming RTX 4060, Core i7-13620H, 144Hz',       N'MSI',     1, 0, 1, 0, 370, 11, '2026-01-15 08:00:00', '2026-03-31 00:00:00'),
(12, N'Acer Swift Go 14',             'ACER-SWG14-2025',   N'Laptop mỏng nhẹ OLED, Core Ultra 5 125H',             N'Acer',    1, 0, 1, 0, 310, 10, '2026-02-01 08:00:00', '2026-03-31 00:00:00');
SET IDENTITY_INSERT dbo.products OFF;
GO

-- =============================================
-- 6. PRODUCT CATEGORIES
-- =============================================
INSERT INTO dbo.product_categories (product_id, category_id, is_primary, created_at) VALUES
(1,  1, 0, '2025-12-01 08:00:00'), (1,  4, 1, '2025-12-01 08:00:00'),
(2,  1, 0, '2025-12-01 08:00:00'), (2,  2, 1, '2025-12-01 08:00:00'),
(3,  1, 0, '2025-12-01 08:00:00'), (3,  2, 1, '2025-12-01 08:00:00'),
(4,  1, 0, '2025-12-01 08:00:00'), (4,  3, 1, '2025-12-01 08:00:00'),
(5,  1, 0, '2026-01-05 08:00:00'), (5,  3, 1, '2026-01-05 08:00:00'),
(6,  1, 0, '2025-12-01 08:00:00'), (6,  2, 1, '2025-12-01 08:00:00'),
(7,  1, 0, '2025-12-01 08:00:00'), (7,  2, 1, '2025-12-01 08:00:00'),
(8,  1, 0, '2026-01-10 08:00:00'), (8,  3, 1, '2026-01-10 08:00:00'),
(9,  1, 0, '2026-01-01 08:00:00'), (9,  5, 1, '2026-01-01 08:00:00'),
(10, 1, 0, '2025-12-01 08:00:00'), (10, 5, 1, '2025-12-01 08:00:00'), (10, 4, 0, '2025-12-01 08:00:00'),
(11, 1, 0, '2026-01-15 08:00:00'), (11, 3, 1, '2026-01-15 08:00:00'),
(12, 1, 0, '2026-02-01 08:00:00'), (12, 2, 1, '2026-02-01 08:00:00');
GO

-- =============================================
-- 7. PRODUCT TAGS
-- =============================================
INSERT INTO dbo.product_tags (product_id, tag_id, created_at) VALUES
(1,  7, '2025-12-01 08:00:00'), (1,  1, '2025-12-01 08:00:00'),
(2,  4, '2025-12-01 08:00:00'), (2,  1, '2025-12-01 08:00:00'),
(3,  6, '2025-12-01 08:00:00'),
(4,  3, '2025-12-01 08:00:00'), (4,  8, '2025-12-01 08:00:00'),
(5,  3, '2026-01-05 08:00:00'), (5,  2, '2026-01-05 08:00:00'),
(6,  4, '2025-12-01 08:00:00'), (6,  6, '2025-12-01 08:00:00'), (6, 1, '2025-12-01 08:00:00'),
(7,  4, '2025-12-01 08:00:00'),
(8,  3, '2026-01-10 08:00:00'), (8,  2, '2026-01-10 08:00:00'),
(9,  5, '2026-01-01 08:00:00'), (9,  2, '2026-01-01 08:00:00'), (9, 6, '2026-01-01 08:00:00'),
(10, 5, '2025-12-01 08:00:00'), (10, 7, '2025-12-01 08:00:00'),
(11, 3, '2026-01-15 08:00:00'), (11, 2, '2026-01-15 08:00:00'),
(12, 6, '2026-02-01 08:00:00'), (12, 2, '2026-02-01 08:00:00');
GO

-- =============================================
-- 8. PRODUCT VARIANTS
-- =============================================
SET IDENTITY_INSERT dbo.product_variants ON;
INSERT INTO dbo.product_variants (id, product_id, variant_name, sku, barcode, currency_code, price, cost_price, stock_quantity, reserved_qty, attributes_json, is_active, created_at, updated_at) VALUES
-- Dell XPS 15
(1,  1, N'Core i7 / 16GB / 512GB / RTX 4060',  'DELL-XPS15-9530-I7-16-512',  '8901234560001', 'VND', 42900000, 36000000, 8,  0, N'{"cpu":"Core i7-13700H","ram":"16GB","storage":"512GB SSD","gpu":"RTX 4060","screen":"15.6 OLED 3.5K"}', 1, '2025-12-01 08:00:00', '2026-03-31 00:00:00'),
(2,  1, N'Core i9 / 32GB / 1TB / RTX 4070',    'DELL-XPS15-9530-I9-32-1T',   '8901234560002', 'VND', 58500000, 50000000, 3,  0, N'{"cpu":"Core i9-13900H","ram":"32GB","storage":"1TB SSD","gpu":"RTX 4070","screen":"15.6 OLED 3.5K"}', 1, '2025-12-01 08:00:00', '2026-03-31 00:00:00'),
-- Dell Inspiron 15
(3,  2, N'Core i5 / 8GB / 256GB',               'DELL-INS15-3520-I5-8-256',   '8901234560003', 'VND', 14500000, 12000000, 15, 0, N'{"cpu":"Core i5-1235U","ram":"8GB","storage":"256GB SSD","gpu":"Intel Iris Xe","screen":"15.6 FHD"}',   1, '2025-12-01 08:00:00', '2026-03-31 00:00:00'),
(4,  2, N'Core i5 / 16GB / 512GB',              'DELL-INS15-3520-I5-16-512',  '8901234560004', 'VND', 17900000, 15000000, 12, 0, N'{"cpu":"Core i5-1235U","ram":"16GB","storage":"512GB SSD","gpu":"Intel Iris Xe","screen":"15.6 FHD"}',  1, '2025-12-01 08:00:00', '2026-03-31 00:00:00'),
-- HP Spectre x360
(5,  3, N'Core i7 / 16GB / 512GB',              'HP-SPECT-X360-14-I7-16',     '8901234560005', 'VND', 38900000, 32000000, 5,  0, N'{"cpu":"Core i7-1355U","ram":"16GB","storage":"512GB SSD","gpu":"Intel Iris Xe","screen":"14 OLED 2.8K"}', 1, '2025-12-01 08:00:00', '2026-03-31 00:00:00'),
-- HP Victus 15
(6,  4, N'Core i5 / 8GB / 512GB / RTX 3050',   'HP-VIC15-I5-8-512-3050',     '8901234560006', 'VND', 19900000, 16500000, 18, 0, N'{"cpu":"Core i5-12450H","ram":"8GB","storage":"512GB SSD","gpu":"RTX 3050","screen":"15.6 FHD 144Hz"}', 1, '2025-12-01 08:00:00', '2026-03-31 00:00:00'),
(7,  4, N'Core i7 / 16GB / 512GB / RTX 3050Ti','HP-VIC15-I7-16-512-3050Ti',  '8901234560007', 'VND', 24500000, 20000000, 10, 0, N'{"cpu":"Core i7-12650H","ram":"16GB","storage":"512GB SSD","gpu":"RTX 3050Ti","screen":"15.6 FHD 144Hz"}',1, '2025-12-01 08:00:00', '2026-03-31 00:00:00'),
-- Asus ROG Strix G16
(8,  5, N'Core i9 / 16GB / 1TB / RTX 4070',    'ASUS-ROG-G16-I9-16-1T-4070', '8901234560008', 'VND', 55900000, 47000000, 6,  0, N'{"cpu":"Core i9-13980HX","ram":"16GB","storage":"1TB SSD","gpu":"RTX 4070","screen":"16 QHD+ 240Hz"}',  1, '2026-01-05 08:00:00', '2026-03-31 00:00:00'),
(9,  5, N'Core i9 / 32GB / 2TB / RTX 4070',    'ASUS-ROG-G16-I9-32-2T-4070', '8901234560009', 'VND', 67500000, 57000000, 2,  0, N'{"cpu":"Core i9-13980HX","ram":"32GB","storage":"2TB SSD","gpu":"RTX 4070","screen":"16 QHD+ 240Hz"}',  1, '2026-01-05 08:00:00', '2026-03-31 00:00:00'),
-- Asus VivoBook 15
(10, 6, N'Core i5 / 8GB / 512GB',               'ASUS-VB15-I5-8-512',         '8901234560010', 'VND', 13900000, 11500000, 25, 0, N'{"cpu":"Core i5-1235U","ram":"8GB","storage":"512GB SSD","gpu":"Intel Iris Xe","screen":"15.6 FHD"}',   1, '2025-12-01 08:00:00', '2026-03-31 00:00:00'),
(11, 6, N'Core i5 / 16GB / 512GB',              'ASUS-VB15-I5-16-512',        '8901234560011', 'VND', 16500000, 13800000, 20, 0, N'{"cpu":"Core i5-1235U","ram":"16GB","storage":"512GB SSD","gpu":"Intel Iris Xe","screen":"15.6 FHD"}',  1, '2025-12-01 08:00:00', '2026-03-31 00:00:00'),
-- Lenovo ThinkPad E14
(12, 7, N'Core i5 / 8GB / 256GB',               'LEN-TPE14-G5-I5-8-256',      '8901234560012', 'VND', 18900000, 15800000, 10, 0, N'{"cpu":"Core i5-1335U","ram":"8GB","storage":"256GB SSD","gpu":"Intel Iris Xe","screen":"14 FHD IPS"}', 1, '2025-12-01 08:00:00', '2026-03-31 00:00:00'),
(13, 7, N'Core i7 / 16GB / 512GB',              'LEN-TPE14-G5-I7-16-512',     '8901234560013', 'VND', 24900000, 21000000, 7,  0, N'{"cpu":"Core i7-1355U","ram":"16GB","storage":"512GB SSD","gpu":"Intel Iris Xe","screen":"14 FHD IPS"}', 1, '2025-12-01 08:00:00', '2026-03-31 00:00:00'),
-- Lenovo IdeaPad Gaming 3
(14, 8, N'Ryzen 5 / 8GB / 512GB / RTX 3050',   'LEN-IDG3-R5-8-512-3050',     '8901234560014', 'VND', 18500000, 15500000, 14, 0, N'{"cpu":"Ryzen 5 7535H","ram":"8GB","storage":"512GB SSD","gpu":"RTX 3050","screen":"15.6 FHD 144Hz"}',  1, '2026-01-10 08:00:00', '2026-03-31 00:00:00'),
(15, 8, N'Ryzen 7 / 16GB / 512GB / RTX 3050Ti','LEN-IDG3-R7-16-512-3050Ti',  '8901234560015', 'VND', 23500000, 19800000, 8,  0, N'{"cpu":"Ryzen 7 7745H","ram":"16GB","storage":"512GB SSD","gpu":"RTX 3050Ti","screen":"15.6 FHD 144Hz"}',1, '2026-01-10 08:00:00', '2026-03-31 00:00:00'),
-- MacBook Air M3
(16, 9, N'M3 / 8GB / 256GB / Midnight',         'APPLE-MBA-M3-8-256-MN',      '8901234560016', 'VND', 28990000, 24000000, 12, 0, N'{"chip":"M3","ram":"8GB","storage":"256GB SSD","color":"Midnight","screen":"13.6 Liquid Retina"}',      1, '2026-01-01 08:00:00', '2026-03-31 00:00:00'),
(17, 9, N'M3 / 16GB / 512GB / Starlight',       'APPLE-MBA-M3-16-512-SL',     '8901234560017', 'VND', 38990000, 33000000, 8,  0, N'{"chip":"M3","ram":"16GB","storage":"512GB SSD","color":"Starlight","screen":"13.6 Liquid Retina"}',    1, '2026-01-01 08:00:00', '2026-03-31 00:00:00'),
-- MacBook Pro M3 Pro
(18, 10, N'M3 Pro / 18GB / 512GB / Space Black', 'APPLE-MBP-M3P-18-512-SB',   '8901234560018', 'VND', 54990000, 47000000, 5,  0, N'{"chip":"M3 Pro","ram":"18GB","storage":"512GB SSD","color":"Space Black","screen":"14.2 Liquid Retina XDR"}', 1, '2025-12-01 08:00:00', '2026-03-31 00:00:00'),
(19, 10, N'M3 Pro / 36GB / 1TB / Silver',        'APPLE-MBP-M3P-36-1T-SV',    '8901234560019', 'VND', 72990000, 62000000, 2,  0, N'{"chip":"M3 Pro","ram":"36GB","storage":"1TB SSD","color":"Silver","screen":"14.2 Liquid Retina XDR"}',  1, '2025-12-01 08:00:00', '2026-03-31 00:00:00'),
-- MSI Katana 15
(20, 11, N'Core i7 / 16GB / 512GB / RTX 4060',  'MSI-KAT15-I7-16-512-4060',  '8901234560020', 'VND', 29900000, 25000000, 10, 0, N'{"cpu":"Core i7-13620H","ram":"16GB","storage":"512GB SSD","gpu":"RTX 4060","screen":"15.6 FHD 144Hz"}', 1, '2026-01-15 08:00:00', '2026-03-31 00:00:00'),
-- Acer Swift Go 14
(21, 12, N'Core Ultra 5 / 16GB / 512GB',         'ACER-SWG14-U5-16-512',      '8901234560021', 'VND', 22900000, 19000000, 9,  0, N'{"cpu":"Core Ultra 5 125H","ram":"16GB","storage":"512GB SSD","gpu":"Intel Arc","screen":"14 OLED 2.8K"}', 1, '2026-02-01 08:00:00', '2026-03-31 00:00:00');
SET IDENTITY_INSERT dbo.product_variants OFF;
GO

-- =============================================
-- 9. PRICE HISTORY (một số variant có điều chỉnh giá)
-- =============================================
SET IDENTITY_INSERT dbo.price_history ON;
INSERT INTO dbo.price_history (id, variant_id, currency_code, price, cost_price, reason, effective_from, effective_to, created_by, created_at) VALUES
(1,  3,  'VND', 15500000, 12000000, N'Giá nhập ban đầu',   '2025-12-01 00:00:00', '2026-01-31 23:59:59', 1, '2025-12-01 08:00:00'),
(2,  3,  'VND', 14500000, 12000000, N'Giảm giá khai xuân', '2026-02-01 00:00:00', NULL,                  1, '2026-02-01 08:00:00'),
(3,  6,  'VND', 21500000, 16500000, N'Giá nhập ban đầu',   '2025-12-01 00:00:00', '2026-01-14 23:59:59', 1, '2025-12-01 08:00:00'),
(4,  6,  'VND', 19900000, 16500000, N'Sale tháng 1',        '2026-01-15 00:00:00', NULL,                  1, '2026-01-15 08:00:00'),
(5,  16, 'VND', 30990000, 24000000, N'Giá ra mắt',          '2026-01-01 00:00:00', '2026-01-31 23:59:59', 1, '2026-01-01 08:00:00'),
(6,  16, 'VND', 28990000, 24000000, N'Điều chỉnh thị trường','2026-02-01 00:00:00', NULL,                 1, '2026-02-01 08:00:00');
SET IDENTITY_INSERT dbo.price_history OFF;
GO

-- =============================================
-- 10. PROMOTIONS
-- =============================================
SET IDENTITY_INSERT dbo.promotions ON;
INSERT INTO dbo.promotions (id, code, name, description, discount_type, discount_value, min_order_amount, priority, stackable, start_date, end_date, usage_limit, used_count, is_active, created_by, created_at) VALUES
(1, 'TETMUNG2026',  N'Khuyến mãi Tết 2026',        N'Giảm 5% cho tất cả đơn hàng dịp Tết', 'PERCENT',  5.00, 10000000, 10, 0, '2026-01-25 00:00:00', '2026-02-10 23:59:59', 100, 18, 1, 1, '2026-01-20 08:00:00'),
(2, 'NEWCUST500K',  N'Ưu đãi khách hàng mới',       N'Giảm 500K cho đơn đầu tiên',          'FIXED',    500000, 15000000, 5,  0, '2026-01-01 00:00:00', '2026-03-31 23:59:59', 50,  12, 1, 1, '2025-12-28 08:00:00'),
(3, 'GAMING10',     N'Sale Laptop Gaming',           N'Giảm 10% cho laptop gaming',           'PERCENT', 10.00, 18000000, 8,  0, '2026-01-15 00:00:00', '2026-02-28 23:59:59', 30,  9,  1, 1, '2026-01-10 08:00:00'),
(4, 'APPLE1TRIEU',  N'Ưu đãi MacBook tháng 3',      N'Giảm 1 triệu cho MacBook',             'FIXED',   1000000, 25000000, 7,  0, '2026-03-01 00:00:00', '2026-03-31 23:59:59', 20,  5,  1, 1, '2026-02-25 08:00:00'),
(5, 'VIP2026',      N'Ưu đãi khách VIP',             N'Giảm thêm 3% cho khách VIP Gold',     'PERCENT',  3.00,  20000000, 9,  1, '2026-01-01 00:00:00', '2026-12-31 23:59:59', NULL, 22, 1, 1, '2025-12-28 08:00:00');
SET IDENTITY_INSERT dbo.promotions OFF;
GO

-- promotion_redemptions
SET IDENTITY_INSERT dbo.promotion_redemptions ON;
INSERT INTO dbo.promotion_redemptions (id, promotion_id, used_count, updated_at) VALUES
(1, 1, 18, '2026-02-10 23:59:59'),
(2, 2, 12, '2026-03-28 10:00:00'),
(3, 3,  9, '2026-02-28 23:59:59'),
(4, 4,  5, '2026-03-28 10:00:00'),
(5, 5, 22, '2026-03-28 10:00:00');
SET IDENTITY_INSERT dbo.promotion_redemptions OFF;
GO

-- =============================================
-- 11. ORDERS + ORDER_ITEMS + PAYMENTS
-- (54 orders, tháng 1: 20, tháng 2: 18, tháng 3: 16)
-- =============================================
SET IDENTITY_INSERT dbo.orders ON;
INSERT INTO dbo.orders
  (id, order_number, customer_id, user_id, channel, status, payment_method, payment_status,
   shipping_address, shipping_fee, subtotal, discount_total, spin_discount_rate, spin_discount,
   vip_discount_rate, vip_discount, tax_total, total_amount,
   applied_promotion_code, notes, paid_at, shipped_at, delivered_at, created_at, updated_at) VALUES
-- ===== THÁNG 1 =====
(1,  'ORD-20260103-001000', 1,  2, 'OFFLINE', 'DELIVERED', 'CASH',          'PAID',   NULL,                              0,        42900000, 0,         0, 0, 0, 0, 0, 42900000, NULL,         NULL, '2026-01-03 10:30:00', '2026-01-03 10:30:00', '2026-01-03 10:30:00', '2026-01-03 10:00:00', '2026-01-03 10:30:00'),
(2,  'ORD-20260105-001001', 4,  2, 'OFFLINE', 'DELIVERED', 'CASH',          'PAID',   NULL,                              0,        14500000, 0,         0, 0, 0, 0, 0, 14500000, NULL,         NULL, '2026-01-05 11:00:00', '2026-01-05 11:00:00', '2026-01-05 11:00:00', '2026-01-05 10:30:00', '2026-01-05 11:00:00'),
(3,  'ORD-20260106-001002', 2,  2, 'ONLINE',  'DELIVERED', 'BANK_TRANSFER', 'PAID',   N'45 Nguyễn Huệ, Q1, TP.HCM',    30000,    19900000, 0,         0, 0, 0, 0, 0, 19930000, NULL,         NULL, '2026-01-06 14:00:00', '2026-01-07 09:00:00', '2026-01-09 15:00:00', '2026-01-06 13:30:00', '2026-01-09 15:00:00'),
(4,  'ORD-20260108-001003', 3,  3, 'OFFLINE', 'DELIVERED', 'BANK_TRANSFER', 'PAID',   NULL,                              0,        55900000, 0,         0, 0, 0, 0, 0, 55900000, NULL,         N'KH mua thêm RAM 32GB', '2026-01-08 16:00:00', '2026-01-08 16:00:00', '2026-01-08 16:00:00', '2026-01-08 15:30:00', '2026-01-08 16:00:00'),
(5,  'ORD-20260110-001004', 5,  2, 'ONLINE',  'DELIVERED', 'BANK_TRANSFER', 'PAID',   N'56 Lý Tự Trọng, Q1, TP.HCM',   30000,    38900000, 1945000,   0, 0, 0, 0, 0, 36985000, 'NEWCUST500K',NULL, '2026-01-10 10:00:00', '2026-01-11 09:00:00', '2026-01-13 14:00:00', '2026-01-10 09:30:00', '2026-01-13 14:00:00'),
(6,  'ORD-20260112-001005', 6,  2, 'OFFLINE', 'DELIVERED', 'CASH',          'PAID',   NULL,                              0,        13900000, 500000,    0, 0, 0, 0, 0, 13400000, 'NEWCUST500K',NULL, '2026-01-12 11:30:00', '2026-01-12 11:30:00', '2026-01-12 11:30:00', '2026-01-12 11:00:00', '2026-01-12 11:30:00'),
(7,  'ORD-20260115-001006', 7,  3, 'ONLINE',  'DELIVERED', 'BANK_TRANSFER', 'PAID',   N'14 Hai Bà Trưng, HN',           30000,    28990000, 0,         0, 0, 0, 0, 0, 29020000, NULL,         NULL, '2026-01-15 14:00:00', '2026-01-16 09:00:00', '2026-01-18 16:00:00', '2026-01-15 13:30:00', '2026-01-18 16:00:00'),
(8,  'ORD-20260116-001007', 8,  2, 'OFFLINE', 'DELIVERED', 'CASH',          'PAID',   NULL,                              0,        18500000, 500000,    0, 0, 0, 0, 0, 18000000, 'NEWCUST500K',NULL, '2026-01-16 10:00:00', '2026-01-16 10:00:00', '2026-01-16 10:00:00', '2026-01-16 09:30:00', '2026-01-16 10:00:00'),
(9,  'ORD-20260118-001008', 1,  3, 'OFFLINE', 'DELIVERED', 'BANK_TRANSFER', 'PAID',   NULL,                              0,        24500000, 2450000,  0, 0, 0, 0, 0, 22050000, 'GAMING10',   NULL, '2026-01-18 15:00:00', '2026-01-18 15:00:00', '2026-01-18 15:00:00', '2026-01-18 14:30:00', '2026-01-18 15:00:00'),
(10, 'ORD-20260120-001009', 9,  2, 'ONLINE',  'DELIVERED', 'BANK_TRANSFER', 'PAID',   N'33 Lê Duẩn, Q1, TP.HCM',       30000,    16500000, 500000,    0, 0, 0, 0, 0, 16030000, 'NEWCUST500K',NULL, '2026-01-20 09:00:00', '2026-01-21 09:00:00', '2026-01-23 15:00:00', '2026-01-20 08:30:00', '2026-01-23 15:00:00'),
(11, 'ORD-20260122-001010', 3,  3, 'OFFLINE', 'DELIVERED', 'CASH',          'PAID',   NULL,                              0,        54990000, 0,         0, 0, 0, 0, 0, 54990000, NULL,         N'Mua tặng sinh nhật', '2026-01-22 11:00:00', '2026-01-22 11:00:00', '2026-01-22 11:00:00', '2026-01-22 10:30:00', '2026-01-22 11:00:00'),
(12, 'ORD-20260123-001011', 10, 2, 'OFFLINE', 'DELIVERED', 'CASH',          'PAID',   NULL,                              0,        24900000, 0,         0, 0, 0, 0, 0, 24900000, NULL,         NULL, '2026-01-23 14:30:00', '2026-01-23 14:30:00', '2026-01-23 14:30:00', '2026-01-23 14:00:00', '2026-01-23 14:30:00'),
(13, 'ORD-20260125-001012', 11, 2, 'ONLINE',  'DELIVERED', 'BANK_TRANSFER', 'PAID',   N'55 Nguyễn Đình Chiểu, Q3',      30000,    13900000, 500000,    0, 0, 0, 0, 0, 13430000, 'NEWCUST500K',NULL, '2026-01-25 16:00:00', '2026-01-26 09:00:00', '2026-01-28 15:00:00', '2026-01-25 15:30:00', '2026-01-28 15:00:00'),
(14, 'ORD-20260126-001013', 2,  3, 'ONLINE',  'DELIVERED', 'BANK_TRANSFER', 'PAID',   N'45 Nguyễn Huệ, Q1, TP.HCM',    30000,    19900000, 995000,    0, 0, 0, 0, 0, 18935000, 'TETMUNG2026',NULL, '2026-01-26 10:00:00', '2026-01-27 09:00:00', '2026-01-29 14:00:00', '2026-01-26 09:30:00', '2026-01-29 14:00:00'),
(15, 'ORD-20260127-001014', 7,  3, 'ONLINE',  'DELIVERED', 'BANK_TRANSFER', 'PAID',   N'14 Hai Bà Trưng, HN',           30000,    42900000, 2145000,   5, 2145000, 3, 1287000, 0, 37323000, 'TETMUNG2026',NULL, '2026-01-27 10:30:00', '2026-01-28 09:00:00', '2026-01-30 15:00:00', '2026-01-27 10:00:00', '2026-01-30 15:00:00'),
(16, 'ORD-20260128-001015', 5,  2, 'ONLINE',  'DELIVERED', 'BANK_TRANSFER', 'PAID',   N'56 Lý Tự Trọng, Q1, TP.HCM',   30000,    23500000, 1175000,   0, 0, 0, 0, 0, 22355000, 'GAMING10',   NULL, '2026-01-28 14:00:00', '2026-01-29 09:00:00', '2026-01-31 15:00:00', '2026-01-28 13:30:00', '2026-01-31 15:00:00'),
(17, 'ORD-20260129-001016', 13, 3, 'OFFLINE', 'DELIVERED', 'CASH',          'PAID',   NULL,                              0,        67500000, 3375000,   7, 4725000, 3, 2025000, 0, 57375000, 'TETMUNG2026',NULL, '2026-01-29 11:00:00', '2026-01-29 11:00:00', '2026-01-29 11:00:00', '2026-01-29 10:30:00', '2026-01-29 11:00:00'),
(18, 'ORD-20260130-001017', 4,  2, 'OFFLINE', 'DELIVERED', 'CASH',          'PAID',   NULL,                              0,        17900000, 0,         0, 0, 0, 0, 0, 17900000, NULL,         NULL, '2026-01-30 09:00:00', '2026-01-30 09:00:00', '2026-01-30 09:00:00', '2026-01-30 08:30:00', '2026-01-30 09:00:00'),
(19, 'ORD-20260131-001018', 3,  3, 'OFFLINE', 'DELIVERED', 'BANK_TRANSFER', 'PAID',   NULL,                              0,        29900000, 1495000,   0, 0, 3, 897000, 0, 27508000, 'TETMUNG2026',NULL, '2026-01-31 15:00:00', '2026-01-31 15:00:00', '2026-01-31 15:00:00', '2026-01-31 14:30:00', '2026-01-31 15:00:00'),
(20, 'ORD-20260131-001019', 6,  2, 'OFFLINE', 'DELIVERED', 'CASH',          'PAID',   NULL,                              0,        16500000, 825000,    0, 0, 0, 0, 0, 15675000, 'TETMUNG2026',NULL, '2026-01-31 16:30:00', '2026-01-31 16:30:00', '2026-01-31 16:30:00', '2026-01-31 16:00:00', '2026-01-31 16:30:00'),
-- ===== THÁNG 2 =====
(21, 'ORD-20260203-001020', 1,  3, 'OFFLINE', 'DELIVERED', 'CASH',          'PAID',   NULL,                              0,        58500000, 0,         0, 0, 3, 1755000, 0, 56745000, NULL,         N'Khách VIP Gold', '2026-02-03 10:00:00', '2026-02-03 10:00:00', '2026-02-03 10:00:00', '2026-02-03 09:30:00', '2026-02-03 10:00:00'),
(22, 'ORD-20260205-001021', 12, 2, 'ONLINE',  'DELIVERED', 'BANK_TRANSFER', 'PAID',   N'88 Cách Mạng Tháng 8, Q10',     30000,    13900000, 500000,    0, 0, 0, 0, 0, 13430000, 'NEWCUST500K',NULL, '2026-02-05 11:00:00', '2026-02-06 09:00:00', '2026-02-08 15:00:00', '2026-02-05 10:30:00', '2026-02-08 15:00:00'),
(23, 'ORD-20260207-001022', 5,  2, 'OFFLINE', 'DELIVERED', 'CASH',          'PAID',   NULL,                              0,        18500000, 1850000,   0, 0, 0, 0, 0, 16650000, 'GAMING10',   NULL, '2026-02-07 14:30:00', '2026-02-07 14:30:00', '2026-02-07 14:30:00', '2026-02-07 14:00:00', '2026-02-07 14:30:00'),
(24, 'ORD-20260208-001023', 10, 3, 'ONLINE',  'DELIVERED', 'BANK_TRANSFER', 'PAID',   N'11 Phạm Ngọc Thạch, Q3',        30000,    38900000, 0,         3, 1167000, 0, 0, 0, 37763000, NULL,         NULL, '2026-02-08 09:30:00', '2026-02-09 09:00:00', '2026-02-11 15:00:00', '2026-02-08 09:00:00', '2026-02-11 15:00:00'),
(25, 'ORD-20260210-001024', 7,  3, 'OFFLINE', 'DELIVERED', 'BANK_TRANSFER', 'PAID',   NULL,                              0,        72990000, 0,         5, 3649500, 3, 2189700, 0, 67150800, NULL,         N'KH VIP Gold, Spin 5%', '2026-02-10 15:00:00', '2026-02-10 15:00:00', '2026-02-10 15:00:00', '2026-02-10 14:30:00', '2026-02-10 15:00:00'),
(26, 'ORD-20260212-001025', 8,  2, 'OFFLINE', 'DELIVERED', 'CASH',          'PAID',   NULL,                              0,        29900000, 2990000,   0, 0, 0, 0, 0, 26910000, 'GAMING10',   NULL, '2026-02-12 11:00:00', '2026-02-12 11:00:00', '2026-02-12 11:00:00', '2026-02-12 10:30:00', '2026-02-12 11:00:00'),
(27, 'ORD-20260214-001026', 2,  2, 'ONLINE',  'DELIVERED', 'BANK_TRANSFER', 'PAID',   N'45 Nguyễn Huệ, Q1, TP.HCM',    30000,    16500000, 0,         3, 495000, 0, 0, 0, 16035000, NULL,         NULL, '2026-02-14 10:00:00', '2026-02-15 09:00:00', '2026-02-17 14:00:00', '2026-02-14 09:30:00', '2026-02-17 14:00:00'),
(28, 'ORD-20260215-001027', 14, 2, 'OFFLINE', 'DELIVERED', 'CASH',          'PAID',   NULL,                              0,        14500000, 500000,    0, 0, 0, 0, 0, 14000000, 'NEWCUST500K',NULL, '2026-02-15 14:00:00', '2026-02-15 14:00:00', '2026-02-15 14:00:00', '2026-02-15 13:30:00', '2026-02-15 14:00:00'),
(29, 'ORD-20260217-001028', 13, 3, 'OFFLINE', 'DELIVERED', 'BANK_TRANSFER', 'PAID',   NULL,                              0,        42900000, 0,         7, 3003000, 3, 1287000, 0, 38610000, NULL,         N'KH VIP Gold mua lần 2', '2026-02-17 11:00:00', '2026-02-17 11:00:00', '2026-02-17 11:00:00', '2026-02-17 10:30:00', '2026-02-17 11:00:00'),
(30, 'ORD-20260218-001029', 9,  2, 'ONLINE',  'DELIVERED', 'BANK_TRANSFER', 'PAID',   N'33 Lê Duẩn, Q1, TP.HCM',       30000,    18900000, 0,         0, 0, 0, 0, 0, 18930000, NULL,         NULL, '2026-02-18 09:30:00', '2026-02-19 09:00:00', '2026-02-21 15:00:00', '2026-02-18 09:00:00', '2026-02-21 15:00:00'),
(31, 'ORD-20260220-001030', 15, 2, 'OFFLINE', 'DELIVERED', 'CASH',          'PAID',   NULL,                              0,        17900000, 500000,    0, 0, 0, 0, 0, 17400000, 'NEWCUST500K',NULL, '2026-02-20 14:00:00', '2026-02-20 14:00:00', '2026-02-20 14:00:00', '2026-02-20 13:30:00', '2026-02-20 14:00:00'),
(32, 'ORD-20260222-001031', 16, 2, 'ONLINE',  'DELIVERED', 'BANK_TRANSFER', 'PAID',   N'71 Lê Văn Sỹ, Q3, TP.HCM',     30000,    13900000, 500000,    0, 0, 0, 0, 0, 13430000, 'NEWCUST500K',NULL, '2026-02-22 10:00:00', '2026-02-23 09:00:00', '2026-02-25 15:00:00', '2026-02-22 09:30:00', '2026-02-25 15:00:00'),
(33, 'ORD-20260224-001032', 1,  3, 'OFFLINE', 'DELIVERED', 'BANK_TRANSFER', 'PAID',   NULL,                              0,        28990000, 0,         0, 0, 3, 869700, 0, 28120300, NULL,         N'KH VIP Gold', '2026-02-24 15:00:00', '2026-02-24 15:00:00', '2026-02-24 15:00:00', '2026-02-24 14:30:00', '2026-02-24 15:00:00'),
(34, 'ORD-20260225-001033', 3,  3, 'ONLINE',  'DELIVERED', 'BANK_TRANSFER', 'PAID',   N'78 Đinh Tiên Hoàng, Q3',        30000,    22900000, 0,         0, 0, 3, 687000, 0, 22243000, NULL,         NULL, '2026-02-25 10:00:00', '2026-02-26 09:00:00', '2026-02-28 15:00:00', '2026-02-25 09:30:00', '2026-02-28 15:00:00'),
(35, 'ORD-20260226-001034', 4,  2, 'OFFLINE', 'DELIVERED', 'CASH',          'PAID',   NULL,                              0,        18900000, 0,         0, 0, 0, 0, 0, 18900000, NULL,         NULL, '2026-02-26 11:30:00', '2026-02-26 11:30:00', '2026-02-26 11:30:00', '2026-02-26 11:00:00', '2026-02-26 11:30:00'),
(36, 'ORD-20260228-001035', 6,  2, 'OFFLINE', 'DELIVERED', 'CASH',          'PAID',   NULL,                              0,        24500000, 0,         0, 0, 0, 0, 0, 24500000, NULL,         NULL, '2026-02-28 16:00:00', '2026-02-28 16:00:00', '2026-02-28 16:00:00', '2026-02-28 15:30:00', '2026-02-28 16:00:00'),
(37, 'ORD-20260228-001036', 10, 3, 'OFFLINE', 'DELIVERED', 'CASH',          'PAID',   NULL,                              0,        14500000, 0,         3, 435000, 0, 0, 0, 14065000, NULL,         NULL, '2026-02-28 17:00:00', '2026-02-28 17:00:00', '2026-02-28 17:00:00', '2026-02-28 16:30:00', '2026-02-28 17:00:00'),
(38, 'ORD-20260228-001037', 5,  2, 'ONLINE',  'CANCELLED', 'BANK_TRANSFER', 'UNPAID', N'56 Lý Tự Trọng, Q1, TP.HCM',   30000,    55900000, 0,         0, 0, 0, 0, 0, 55930000, NULL,         N'KH hủy sau khi đặt', NULL, NULL, NULL, '2026-02-28 18:00:00', '2026-03-01 09:00:00'),
-- ===== THÁNG 3 =====
(39, 'ORD-20260301-001038', 17, 2, 'OFFLINE', 'DELIVERED', 'CASH',          'PAID',   NULL,                              0,        13900000, 500000,    0, 0, 0, 0, 0, 13400000, 'NEWCUST500K',NULL, '2026-03-01 10:30:00', '2026-03-01 10:30:00', '2026-03-01 10:30:00', '2026-03-01 10:00:00', '2026-03-01 10:30:00'),
(40, 'ORD-20260303-001039', 7,  3, 'ONLINE',  'DELIVERED', 'BANK_TRANSFER', 'PAID',   N'14 Hai Bà Trưng, HN',           30000,    54990000, 1000000,   5, 2749500, 3, 1649700, 0, 49620800, 'APPLE1TRIEU',NULL, '2026-03-03 14:00:00', '2026-03-04 09:00:00', '2026-03-06 15:00:00', '2026-03-03 13:30:00', '2026-03-06 15:00:00'),
(41, 'ORD-20260305-001040', 9,  2, 'OFFLINE', 'DELIVERED', 'CASH',          'PAID',   NULL,                              0,        16500000, 0,         0, 0, 0, 0, 0, 16500000, NULL,         NULL, '2026-03-05 15:30:00', '2026-03-05 15:30:00', '2026-03-05 15:30:00', '2026-03-05 15:00:00', '2026-03-05 15:30:00'),
(42, 'ORD-20260307-001041', 13, 3, 'OFFLINE', 'DELIVERED', 'BANK_TRANSFER', 'PAID',   NULL,                              0,        72990000, 1000000,   7, 5109300, 3, 2189700, 0, 64691000, 'APPLE1TRIEU',N'KH VIP Gold mua MBP cao cấp', '2026-03-07 11:00:00', '2026-03-07 11:00:00', '2026-03-07 11:00:00', '2026-03-07 10:30:00', '2026-03-07 11:00:00'),
(43, 'ORD-20260308-001042', 10, 3, 'ONLINE',  'DELIVERED', 'BANK_TRANSFER', 'PAID',   N'11 Phạm Ngọc Thạch, Q3',        30000,    18500000, 0,         3, 555000, 0, 0, 0, 17975000, NULL,         NULL, '2026-03-08 09:00:00', '2026-03-09 09:00:00', '2026-03-11 15:00:00', '2026-03-08 08:30:00', '2026-03-11 15:00:00'),
(44, 'ORD-20260310-001043', 12, 2, 'OFFLINE', 'DELIVERED', 'CASH',          'PAID',   NULL,                              0,        17900000, 0,         0, 0, 0, 0, 0, 17900000, NULL,         NULL, '2026-03-10 14:00:00', '2026-03-10 14:00:00', '2026-03-10 14:00:00', '2026-03-10 13:30:00', '2026-03-10 14:00:00'),
(45, 'ORD-20260312-001044', 8,  2, 'OFFLINE', 'DELIVERED', 'CASH',          'PAID',   NULL,                              0,        23500000, 0,         0, 0, 0, 0, 0, 23500000, NULL,         NULL, '2026-03-12 11:00:00', '2026-03-12 11:00:00', '2026-03-12 11:00:00', '2026-03-12 10:30:00', '2026-03-12 11:00:00'),
(46, 'ORD-20260314-001045', 15, 2, 'OFFLINE', 'DELIVERED', 'CASH',          'PAID',   NULL,                              0,        24900000, 0,         0, 0, 0, 0, 0, 24900000, NULL,         NULL, '2026-03-14 10:30:00', '2026-03-14 10:30:00', '2026-03-14 10:30:00', '2026-03-14 10:00:00', '2026-03-14 10:30:00'),
(47, 'ORD-20260315-001046', 18, 2, 'ONLINE',  'DELIVERED', 'BANK_TRANSFER', 'PAID',   N'15 Quang Trung, Gò Vấp',        30000,    28990000, 1000000,   0, 0, 0, 0, 0, 28020000, 'APPLE1TRIEU',NULL, '2026-03-15 10:30:00', '2026-03-16 09:00:00', '2026-03-18 15:00:00', '2026-03-15 10:00:00', '2026-03-18 15:00:00'),
(48, 'ORD-20260316-001047', 15, 3, 'OFFLINE', 'DELIVERED', 'BANK_TRANSFER', 'PAID',   NULL,                              0,        22900000, 0,         0, 0, 0, 0, 0, 22900000, NULL,         NULL, '2026-03-16 11:00:00', '2026-03-16 11:00:00', '2026-03-16 11:00:00', '2026-03-16 10:30:00', '2026-03-16 11:00:00'),
(49, 'ORD-20260318-001048', 5,  2, 'ONLINE',  'DELIVERED', 'BANK_TRANSFER', 'PAID',   N'56 Lý Tự Trọng, Q1, TP.HCM',   30000,    38990000, 1000000,   3, 1169700, 0, 0, 0, 36850300, 'APPLE1TRIEU',NULL, '2026-03-18 16:30:00', '2026-03-19 09:00:00', '2026-03-21 15:00:00', '2026-03-18 16:00:00', '2026-03-21 15:00:00'),
(50, 'ORD-20260320-001049', 1,  3, 'OFFLINE', 'DELIVERED', 'CASH',          'PAID',   NULL,                              0,        29900000, 0,         0, 0, 3, 897000, 0, 29003000, NULL,         NULL, '2026-03-20 10:30:00', '2026-03-20 10:30:00', '2026-03-20 10:30:00', '2026-03-20 10:00:00', '2026-03-20 10:30:00'),
(51, 'ORD-20260320-001050', 17, 2, 'OFFLINE', 'DELIVERED', 'CASH',          'PAID',   NULL,                              0,        16500000, 0,         0, 0, 0, 0, 0, 16500000, NULL,         NULL, '2026-03-20 14:00:00', '2026-03-20 14:00:00', '2026-03-20 14:00:00', '2026-03-20 13:30:00', '2026-03-20 14:00:00'),
(52, 'ORD-20260322-001051', 7,  3, 'ONLINE',  'DELIVERED', 'BANK_TRANSFER', 'PAID',   N'14 Hai Bà Trưng, HN',           30000,    28990000, 1000000,   5, 1449500, 3, 869700, 0, 25700800, 'APPLE1TRIEU',NULL, '2026-03-22 13:30:00', '2026-03-23 09:00:00', '2026-03-25 15:00:00', '2026-03-22 13:00:00', '2026-03-25 15:00:00'),
(53, 'ORD-20260325-001052', 19, 2, 'OFFLINE', 'DELIVERED', 'CASH',          'PAID',   NULL,                              0,        13900000, 500000,    0, 0, 0, 0, 0, 13400000, 'NEWCUST500K',NULL, '2026-03-25 11:30:00', '2026-03-25 11:30:00', '2026-03-25 11:30:00', '2026-03-25 11:00:00', '2026-03-25 11:30:00'),
(54, 'ORD-20260328-001053', 13, 3, 'OFFLINE', 'PROCESSING','BANK_TRANSFER', 'PAID',   NULL,                              0,        55900000, 0,         7, 3913000, 3, 1677000, 0, 50310000, NULL,         N'Đang xử lý xuất kho', '2026-03-28 11:00:00', NULL, NULL, '2026-03-28 10:30:00', '2026-03-28 11:00:00');
SET IDENTITY_INSERT dbo.orders OFF;
GO

-- =============================================
-- 12. ORDER ITEMS
-- =============================================
SET IDENTITY_INSERT dbo.order_items ON;
INSERT INTO dbo.order_items (id, order_id, variant_id, product_id, product_name, variant_name, sku, quantity, unit_price, discount, line_total, created_at) VALUES
(1,  1,  1,  1,  N'Dell XPS 15 9530',             N'Core i7 / 16GB / 512GB / RTX 4060',   'DELL-XPS15-9530-I7-16-512',  1, 42900000, 0,        42900000, '2026-01-03 10:00:00'),
(2,  2,  3,  2,  N'Dell Inspiron 15 3520',         N'Core i5 / 8GB / 256GB',               'DELL-INS15-3520-I5-8-256',   1, 14500000, 0,        14500000, '2026-01-05 10:30:00'),
(3,  3,  6,  4,  N'HP Victus 15 Gaming',           N'Core i5 / 8GB / 512GB / RTX 3050',   'HP-VIC15-I5-8-512-3050',     1, 19900000, 0,        19900000, '2026-01-06 13:30:00'),
(4,  4,  8,  5,  N'Asus ROG Strix G16',            N'Core i9 / 16GB / 1TB / RTX 4070',    'ASUS-ROG-G16-I9-16-1T-4070', 1, 55900000, 0,        55900000, '2026-01-08 15:30:00'),
(5,  5,  5,  3,  N'HP Spectre x360 14',            N'Core i7 / 16GB / 512GB',              'HP-SPECT-X360-14-I7-16',     1, 38900000, 1945000,  36955000, '2026-01-10 09:30:00'),
(6,  6,  10, 6,  N'Asus VivoBook 15',              N'Core i5 / 8GB / 512GB',               'ASUS-VB15-I5-8-512',         1, 13900000, 500000,   13400000, '2026-01-12 11:00:00'),
(7,  7,  16, 9,  N'Apple MacBook Air M3 13"',      N'M3 / 8GB / 256GB / Midnight',         'APPLE-MBA-M3-8-256-MN',      1, 28990000, 0,        28990000, '2026-01-15 13:30:00'),
(8,  8,  14, 8,  N'Lenovo IdeaPad Gaming 3',       N'Ryzen 5 / 8GB / 512GB / RTX 3050',   'LEN-IDG3-R5-8-512-3050',     1, 18500000, 500000,   18000000, '2026-01-16 09:30:00'),
(9,  9,  7,  4,  N'HP Victus 15 Gaming',           N'Core i7 / 16GB / 512GB / RTX 3050Ti','HP-VIC15-I7-16-512-3050Ti',  1, 24500000, 2450000,  22050000, '2026-01-18 14:30:00'),
(10, 10, 11, 6,  N'Asus VivoBook 15',              N'Core i5 / 16GB / 512GB',              'ASUS-VB15-I5-16-512',        1, 16500000, 500000,   16000000, '2026-01-20 08:30:00'),
(11, 11, 18, 10, N'Apple MacBook Pro M3 Pro 14"',  N'M3 Pro / 18GB / 512GB / Space Black', 'APPLE-MBP-M3P-18-512-SB',   1, 54990000, 0,        54990000, '2026-01-22 10:30:00'),
(12, 12, 13, 7,  N'Lenovo ThinkPad E14 Gen5',      N'Core i7 / 16GB / 512GB',              'LEN-TPE14-G5-I7-16-512',     1, 24900000, 0,        24900000, '2026-01-23 14:00:00'),
(13, 13, 10, 6,  N'Asus VivoBook 15',              N'Core i5 / 8GB / 512GB',               'ASUS-VB15-I5-8-512',         1, 13900000, 500000,   13400000, '2026-01-25 15:30:00'),
(14, 14, 6,  4,  N'HP Victus 15 Gaming',           N'Core i5 / 8GB / 512GB / RTX 3050',   'HP-VIC15-I5-8-512-3050',     1, 19900000, 995000,   18905000, '2026-01-26 09:30:00'),
(15, 15, 1,  1,  N'Dell XPS 15 9530',              N'Core i7 / 16GB / 512GB / RTX 4060',  'DELL-XPS15-9530-I7-16-512',  1, 42900000, 2145000,  40755000, '2026-01-27 10:00:00'),
(16, 16, 15, 8,  N'Lenovo IdeaPad Gaming 3',       N'Ryzen 7 / 16GB / 512GB / RTX 3050Ti','LEN-IDG3-R7-16-512-3050Ti',  1, 23500000, 1175000,  22325000, '2026-01-28 13:30:00'),
(17, 17, 9,  5,  N'Asus ROG Strix G16',            N'Core i9 / 32GB / 2TB / RTX 4070',    'ASUS-ROG-G16-I9-32-2T-4070', 1, 67500000, 3375000,  64125000, '2026-01-29 10:30:00'),
(18, 18, 4,  2,  N'Dell Inspiron 15 3520',         N'Core i5 / 16GB / 512GB',              'DELL-INS15-3520-I5-16-512',  1, 17900000, 0,        17900000, '2026-01-30 08:30:00'),
(19, 19, 20, 11, N'MSI Katana 15 B13V',            N'Core i7 / 16GB / 512GB / RTX 4060',  'MSI-KAT15-I7-16-512-4060',   1, 29900000, 1495000,  28405000, '2026-01-31 14:30:00'),
(20, 20, 11, 6,  N'Asus VivoBook 15',              N'Core i5 / 16GB / 512GB',              'ASUS-VB15-I5-16-512',        1, 16500000, 825000,   15675000, '2026-01-31 16:00:00'),
-- Tháng 2
(21, 21, 2,  1,  N'Dell XPS 15 9530',              N'Core i9 / 32GB / 1TB / RTX 4070',    'DELL-XPS15-9530-I9-32-1T',   1, 58500000, 0,        58500000, '2026-02-03 09:30:00'),
(22, 22, 10, 6,  N'Asus VivoBook 15',              N'Core i5 / 8GB / 512GB',               'ASUS-VB15-I5-8-512',         1, 13900000, 500000,   13400000, '2026-02-05 10:30:00'),
(23, 23, 14, 8,  N'Lenovo IdeaPad Gaming 3',       N'Ryzen 5 / 8GB / 512GB / RTX 3050',   'LEN-IDG3-R5-8-512-3050',     1, 18500000, 1850000,  16650000, '2026-02-07 14:00:00'),
(24, 24, 5,  3,  N'HP Spectre x360 14',            N'Core i7 / 16GB / 512GB',              'HP-SPECT-X360-14-I7-16',     1, 38900000, 0,        38900000, '2026-02-08 09:00:00'),
(25, 25, 19, 10, N'Apple MacBook Pro M3 Pro 14"',  N'M3 Pro / 36GB / 1TB / Silver',        'APPLE-MBP-M3P-36-1T-SV',     1, 72990000, 0,        72990000, '2026-02-10 14:30:00'),
(26, 26, 20, 11, N'MSI Katana 15 B13V',            N'Core i7 / 16GB / 512GB / RTX 4060',  'MSI-KAT15-I7-16-512-4060',   1, 29900000, 2990000,  26910000, '2026-02-12 10:30:00'),
(27, 27, 11, 6,  N'Asus VivoBook 15',              N'Core i5 / 16GB / 512GB',              'ASUS-VB15-I5-16-512',        1, 16500000, 0,        16500000, '2026-02-14 09:30:00'),
(28, 28, 3,  2,  N'Dell Inspiron 15 3520',         N'Core i5 / 8GB / 256GB',               'DELL-INS15-3520-I5-8-256',   1, 14500000, 500000,   14000000, '2026-02-15 13:30:00'),
(29, 29, 1,  1,  N'Dell XPS 15 9530',              N'Core i7 / 16GB / 512GB / RTX 4060',  'DELL-XPS15-9530-I7-16-512',  1, 42900000, 0,        42900000, '2026-02-17 10:30:00'),
(30, 30, 12, 7,  N'Lenovo ThinkPad E14 Gen5',      N'Core i5 / 8GB / 256GB',               'LEN-TPE14-G5-I5-8-256',      1, 18900000, 0,        18900000, '2026-02-18 09:00:00'),
(31, 31, 4,  2,  N'Dell Inspiron 15 3520',         N'Core i5 / 16GB / 512GB',              'DELL-INS15-3520-I5-16-512',  1, 17900000, 500000,   17400000, '2026-02-20 13:30:00'),
(32, 32, 10, 6,  N'Asus VivoBook 15',              N'Core i5 / 8GB / 512GB',               'ASUS-VB15-I5-8-512',         1, 13900000, 500000,   13400000, '2026-02-22 09:30:00'),
(33, 33, 16, 9,  N'Apple MacBook Air M3 13"',      N'M3 / 8GB / 256GB / Midnight',         'APPLE-MBA-M3-8-256-MN',      1, 28990000, 0,        28990000, '2026-02-24 14:30:00'),
(34, 34, 21, 12, N'Acer Swift Go 14',              N'Core Ultra 5 / 16GB / 512GB',          'ACER-SWG14-U5-16-512',       1, 22900000, 0,        22900000, '2026-02-25 09:30:00'),
(35, 35, 12, 7,  N'Lenovo ThinkPad E14 Gen5',      N'Core i5 / 8GB / 256GB',               'LEN-TPE14-G5-I5-8-256',      1, 18900000, 0,        18900000, '2026-02-26 11:00:00'),
(36, 36, 7,  4,  N'HP Victus 15 Gaming',           N'Core i7 / 16GB / 512GB / RTX 3050Ti','HP-VIC15-I7-16-512-3050Ti',  1, 24500000, 0,        24500000, '2026-02-28 15:30:00'),
(37, 37, 3,  2,  N'Dell Inspiron 15 3520',         N'Core i5 / 8GB / 256GB',               'DELL-INS15-3520-I5-8-256',   1, 14500000, 0,        14500000, '2026-02-28 16:30:00'),
(38, 38, 8,  5,  N'Asus ROG Strix G16',            N'Core i9 / 16GB / 1TB / RTX 4070',    'ASUS-ROG-G16-I9-16-1T-4070', 1, 55900000, 0,        55900000, '2026-02-28 18:00:00'),
-- Tháng 3
(39, 39, 10, 6,  N'Asus VivoBook 15',              N'Core i5 / 8GB / 512GB',               'ASUS-VB15-I5-8-512',         1, 13900000, 500000,   13400000, '2026-03-01 10:00:00'),
(40, 40, 18, 10, N'Apple MacBook Pro M3 Pro 14"',  N'M3 Pro / 18GB / 512GB / Space Black', 'APPLE-MBP-M3P-18-512-SB',   1, 54990000, 1000000,  53990000, '2026-03-03 13:30:00'),
(41, 41, 11, 6,  N'Asus VivoBook 15',              N'Core i5 / 16GB / 512GB',              'ASUS-VB15-I5-16-512',        1, 16500000, 0,        16500000, '2026-03-05 15:00:00'),
(42, 42, 19, 10, N'Apple MacBook Pro M3 Pro 14"',  N'M3 Pro / 36GB / 1TB / Silver',        'APPLE-MBP-M3P-36-1T-SV',     1, 72990000, 1000000,  71990000, '2026-03-07 10:30:00'),
(43, 43, 14, 8,  N'Lenovo IdeaPad Gaming 3',       N'Ryzen 5 / 8GB / 512GB / RTX 3050',   'LEN-IDG3-R5-8-512-3050',     1, 18500000, 0,        18500000, '2026-03-08 08:30:00'),
(44, 44, 4,  2,  N'Dell Inspiron 15 3520',         N'Core i5 / 16GB / 512GB',              'DELL-INS15-3520-I5-16-512',  1, 17900000, 0,        17900000, '2026-03-10 13:30:00'),
(45, 45, 15, 8,  N'Lenovo IdeaPad Gaming 3',       N'Ryzen 7 / 16GB / 512GB / RTX 3050Ti','LEN-IDG3-R7-16-512-3050Ti',  1, 23500000, 0,        23500000, '2026-03-12 10:30:00'),
(46, 46, 13, 7,  N'Lenovo ThinkPad E14 Gen5',      N'Core i7 / 16GB / 512GB',              'LEN-TPE14-G5-I7-16-512',     1, 24900000, 0,        24900000, '2026-03-14 10:00:00'),
(47, 47, 16, 9,  N'Apple MacBook Air M3 13"',      N'M3 / 8GB / 256GB / Midnight',         'APPLE-MBA-M3-8-256-MN',      1, 28990000, 1000000,  27990000, '2026-03-15 10:00:00'),
(48, 48, 21, 12, N'Acer Swift Go 14',              N'Core Ultra 5 / 16GB / 512GB',          'ACER-SWG14-U5-16-512',       1, 22900000, 0,        22900000, '2026-03-16 10:30:00'),
(49, 49, 17, 9,  N'Apple MacBook Air M3 13"',      N'M3 / 16GB / 512GB / Starlight',       'APPLE-MBA-M3-16-512-SL',     1, 38990000, 1000000,  37990000, '2026-03-18 16:00:00'),
(50, 50, 20, 11, N'MSI Katana 15 B13V',            N'Core i7 / 16GB / 512GB / RTX 4060',  'MSI-KAT15-I7-16-512-4060',   1, 29900000, 0,        29900000, '2026-03-20 10:00:00'),
(51, 51, 11, 6,  N'Asus VivoBook 15',              N'Core i5 / 16GB / 512GB',              'ASUS-VB15-I5-16-512',        1, 16500000, 0,        16500000, '2026-03-20 13:30:00'),
(52, 52, 16, 9,  N'Apple MacBook Air M3 13"',      N'M3 / 8GB / 256GB / Midnight',         'APPLE-MBA-M3-8-256-MN',      1, 28990000, 1000000,  27990000, '2026-03-22 13:00:00'),
(53, 53, 10, 6,  N'Asus VivoBook 15',              N'Core i5 / 8GB / 512GB',               'ASUS-VB15-I5-8-512',         1, 13900000, 500000,   13400000, '2026-03-25 11:00:00'),
(54, 54, 8,  5,  N'Asus ROG Strix G16',            N'Core i9 / 16GB / 1TB / RTX 4070',    'ASUS-ROG-G16-I9-16-1T-4070', 1, 55900000, 0,        55900000, '2026-03-28 10:30:00');
SET IDENTITY_INSERT dbo.order_items OFF;
GO

-- =============================================
-- 13. PAYMENTS
-- =============================================
SET IDENTITY_INSERT dbo.payments ON;
INSERT INTO dbo.payments (id, order_id, amount, method, transaction_ref, status, paid_at, created_at) VALUES
(1,  1,  42900000, 'CASH',          NULL,            'PAID', '2026-01-03 10:30:00', '2026-01-03 10:30:00'),
(2,  2,  14500000, 'CASH',          NULL,            'PAID', '2026-01-05 11:00:00', '2026-01-05 11:00:00'),
(3,  3,  19930000, 'BANK_TRANSFER', 'TXN-0103-0001', 'PAID', '2026-01-06 14:00:00', '2026-01-06 14:00:00'),
(4,  4,  55900000, 'BANK_TRANSFER', 'TXN-0108-0001', 'PAID', '2026-01-08 16:00:00', '2026-01-08 16:00:00'),
(5,  5,  36985000, 'BANK_TRANSFER', 'TXN-0110-0001', 'PAID', '2026-01-10 10:00:00', '2026-01-10 10:00:00'),
(6,  6,  13400000, 'CASH',          NULL,            'PAID', '2026-01-12 11:30:00', '2026-01-12 11:30:00'),
(7,  7,  29020000, 'BANK_TRANSFER', 'TXN-0115-0001', 'PAID', '2026-01-15 14:00:00', '2026-01-15 14:00:00'),
(8,  8,  18000000, 'CASH',          NULL,            'PAID', '2026-01-16 10:00:00', '2026-01-16 10:00:00'),
(9,  9,  22050000, 'BANK_TRANSFER', 'TXN-0118-0001', 'PAID', '2026-01-18 15:00:00', '2026-01-18 15:00:00'),
(10, 10, 16030000, 'BANK_TRANSFER', 'TXN-0120-0001', 'PAID', '2026-01-20 09:00:00', '2026-01-20 09:00:00'),
(11, 11, 54990000, 'CASH',          NULL,            'PAID', '2026-01-22 11:00:00', '2026-01-22 11:00:00'),
(12, 12, 24900000, 'CASH',          NULL,            'PAID', '2026-01-23 14:30:00', '2026-01-23 14:30:00'),
(13, 13, 13430000, 'BANK_TRANSFER', 'TXN-0125-0001', 'PAID', '2026-01-25 16:00:00', '2026-01-25 16:00:00'),
(14, 14, 18935000, 'BANK_TRANSFER', 'TXN-0126-0001', 'PAID', '2026-01-26 10:00:00', '2026-01-26 10:00:00'),
(15, 15, 37323000, 'BANK_TRANSFER', 'TXN-0127-0001', 'PAID', '2026-01-27 10:30:00', '2026-01-27 10:30:00'),
(16, 16, 22355000, 'BANK_TRANSFER', 'TXN-0128-0001', 'PAID', '2026-01-28 14:00:00', '2026-01-28 14:00:00'),
(17, 17, 57375000, 'CASH',          NULL,            'PAID', '2026-01-29 11:00:00', '2026-01-29 11:00:00'),
(18, 18, 17900000, 'CASH',          NULL,            'PAID', '2026-01-30 09:00:00', '2026-01-30 09:00:00'),
(19, 19, 27508000, 'BANK_TRANSFER', 'TXN-0131-0001', 'PAID', '2026-01-31 15:00:00', '2026-01-31 15:00:00'),
(20, 20, 15675000, 'CASH',          NULL,            'PAID', '2026-01-31 16:30:00', '2026-01-31 16:30:00'),
(21, 21, 56745000, 'CASH',          NULL,            'PAID', '2026-02-03 10:00:00', '2026-02-03 10:00:00'),
(22, 22, 13430000, 'BANK_TRANSFER', 'TXN-0205-0001', 'PAID', '2026-02-05 11:00:00', '2026-02-05 11:00:00'),
(23, 23, 16650000, 'CASH',          NULL,            'PAID', '2026-02-07 14:30:00', '2026-02-07 14:30:00'),
(24, 24, 37763000, 'BANK_TRANSFER', 'TXN-0208-0001', 'PAID', '2026-02-08 09:30:00', '2026-02-08 09:30:00'),
(25, 25, 67150800, 'BANK_TRANSFER', 'TXN-0210-0001', 'PAID', '2026-02-10 15:00:00', '2026-02-10 15:00:00'),
(26, 26, 26910000, 'CASH',          NULL,            'PAID', '2026-02-12 11:00:00', '2026-02-12 11:00:00'),
(27, 27, 16035000, 'BANK_TRANSFER', 'TXN-0214-0001', 'PAID', '2026-02-14 10:00:00', '2026-02-14 10:00:00'),
(28, 28, 14000000, 'CASH',          NULL,            'PAID', '2026-02-15 14:00:00', '2026-02-15 14:00:00'),
(29, 29, 38610000, 'BANK_TRANSFER', 'TXN-0217-0001', 'PAID', '2026-02-17 11:00:00', '2026-02-17 11:00:00'),
(30, 30, 18930000, 'BANK_TRANSFER', 'TXN-0218-0001', 'PAID', '2026-02-18 09:30:00', '2026-02-18 09:30:00'),
(31, 31, 17400000, 'CASH',          NULL,            'PAID', '2026-02-20 14:00:00', '2026-02-20 14:00:00'),
(32, 32, 13430000, 'BANK_TRANSFER', 'TXN-0222-0001', 'PAID', '2026-02-22 10:00:00', '2026-02-22 10:00:00'),
(33, 33, 28120300, 'BANK_TRANSFER', 'TXN-0224-0001', 'PAID', '2026-02-24 15:00:00', '2026-02-24 15:00:00'),
(34, 34, 22243000, 'BANK_TRANSFER', 'TXN-0225-0001', 'PAID', '2026-02-25 10:00:00', '2026-02-25 10:00:00'),
(35, 35, 18900000, 'CASH',          NULL,            'PAID', '2026-02-26 11:30:00', '2026-02-26 11:30:00'),
(36, 36, 24500000, 'CASH',          NULL,            'PAID', '2026-02-28 16:00:00', '2026-02-28 16:00:00'),
(37, 37, 14065000, 'CASH',          NULL,            'PAID', '2026-02-28 17:00:00', '2026-02-28 17:00:00'),
-- order 38 CANCELLED - no payment
(38, 39, 13400000, 'CASH',          NULL,            'PAID', '2026-03-01 10:30:00', '2026-03-01 10:30:00'),
(39, 40, 49620800, 'BANK_TRANSFER', 'TXN-0303-0001', 'PAID', '2026-03-03 14:00:00', '2026-03-03 14:00:00'),
(40, 41, 16500000, 'CASH',          NULL,            'PAID', '2026-03-05 15:30:00', '2026-03-05 15:30:00'),
(41, 42, 64691000, 'BANK_TRANSFER', 'TXN-0307-0001', 'PAID', '2026-03-07 11:00:00', '2026-03-07 11:00:00'),
(42, 43, 17975000, 'BANK_TRANSFER', 'TXN-0308-0001', 'PAID', '2026-03-08 09:00:00', '2026-03-08 09:00:00'),
(43, 44, 17900000, 'CASH',          NULL,            'PAID', '2026-03-10 14:00:00', '2026-03-10 14:00:00'),
(44, 45, 23500000, 'CASH',          NULL,            'PAID', '2026-03-12 11:00:00', '2026-03-12 11:00:00'),
(45, 46, 24900000, 'CASH',          NULL,            'PAID', '2026-03-14 10:30:00', '2026-03-14 10:30:00'),
(46, 47, 28020000, 'BANK_TRANSFER', 'TXN-0315-0001', 'PAID', '2026-03-15 10:30:00', '2026-03-15 10:30:00'),
(47, 48, 22900000, 'BANK_TRANSFER', 'TXN-0316-0001', 'PAID', '2026-03-16 11:00:00', '2026-03-16 11:00:00'),
(48, 49, 36850300, 'BANK_TRANSFER', 'TXN-0318-0001', 'PAID', '2026-03-18 16:30:00', '2026-03-18 16:30:00'),
(49, 50, 29003000, 'CASH',          NULL,            'PAID', '2026-03-20 10:30:00', '2026-03-20 10:30:00'),
(50, 51, 16500000, 'CASH',          NULL,            'PAID', '2026-03-20 14:00:00', '2026-03-20 14:00:00'),
(51, 52, 25700800, 'BANK_TRANSFER', 'TXN-0322-0001', 'PAID', '2026-03-22 13:30:00', '2026-03-22 13:30:00'),
(52, 53, 13400000, 'CASH',          NULL,            'PAID', '2026-03-25 11:30:00', '2026-03-25 11:30:00'),
(53, 54, 50310000, 'BANK_TRANSFER', 'TXN-0328-0001', 'PAID', '2026-03-28 11:00:00', '2026-03-28 11:00:00');
SET IDENTITY_INSERT dbo.payments OFF;
GO

-- =============================================
-- 14. RETURNS (3 trường hợp hoàn trả)
-- =============================================
SET IDENTITY_INSERT dbo.returns ON;
INSERT INTO dbo.returns (id, order_id, order_item_id, quantity, reason, refund_amount, refund_method, refund_status, refunded_at, status, note, processed_by, created_at) VALUES
(1, 9,  9,  1, N'Màn hình bị điểm chết, lỗi sản xuất',        22050000, 'BANK_TRANSFER', 'REFUNDED', '2026-01-25 10:00:00', 'APPROVED', N'Đã kiểm tra, xác nhận lỗi. Đổi máy mới cho KH.',      2, '2026-01-22 10:00:00'),
(2, 14, 14, 1, N'KH đổi ý, muốn lấy dòng gaming mạnh hơn',    18905000, 'CASH',          'REFUNDED', '2026-02-05 14:00:00', 'APPROVED', N'KH đã mua thêm đơn mới. Hoàn tiền mặt tại quầy.',     3, '2026-01-31 09:00:00'),
(3, 38, 38, 1, N'KH hủy đơn trước khi giao, chưa xuất kho',   0,        NULL,            'PENDING',  NULL,                 'APPROVED', N'Đơn hàng online bị hủy. Không thu tiền, không hoàn.', 2, '2026-03-01 09:00:00');
SET IDENTITY_INSERT dbo.returns OFF;
GO

-- =============================================
-- 15. LOYALTY LEDGER
-- =============================================
SET IDENTITY_INSERT dbo.loyalty_ledger ON;
INSERT INTO dbo.loyalty_ledger (id, customer_id, points_delta, reason, reference_type, reference_id, transaction_type, tier_before, tier_after, created_by, created_at) VALUES
-- Tháng 1
(1,  1,  429,  N'Tích điểm đơn ORD-20260103', 'ORDER', 1,  'EARN',   NULL,     NULL,     NULL, '2026-01-03 10:30:00'),
(2,  4,  145,  N'Tích điểm đơn ORD-20260105', 'ORDER', 2,  'EARN',   NULL,     NULL,     NULL, '2026-01-05 11:00:00'),
(3,  2,  199,  N'Tích điểm đơn ORD-20260106', 'ORDER', 3,  'EARN',   NULL,     NULL,     NULL, '2026-01-06 14:00:00'),
(4,  3,  559,  N'Tích điểm đơn ORD-20260108', 'ORDER', 4,  'EARN',   NULL,     NULL,     NULL, '2026-01-08 16:00:00'),
(5,  5,  389,  N'Tích điểm đơn ORD-20260110', 'ORDER', 5,  'EARN',   NULL,     'SILVER', NULL, '2026-01-10 10:00:00'),
(6,  6,  139,  N'Tích điểm đơn ORD-20260112', 'ORDER', 6,  'EARN',   NULL,     NULL,     NULL, '2026-01-12 11:30:00'),
(7,  7,  289,  N'Tích điểm đơn ORD-20260115', 'ORDER', 7,  'EARN',   NULL,     'SILVER', NULL, '2026-01-15 14:00:00'),
(8,  8,  185,  N'Tích điểm đơn ORD-20260116', 'ORDER', 8,  'EARN',   NULL,     NULL,     NULL, '2026-01-16 10:00:00'),
(9,  1,  245,  N'Tích điểm đơn ORD-20260118', 'ORDER', 9,  'EARN',   NULL,     'GOLD',   NULL, '2026-01-18 15:00:00'),
(10, 9,  165,  N'Tích điểm đơn ORD-20260120', 'ORDER', 10, 'EARN',   NULL,     NULL,     NULL, '2026-01-20 09:00:00'),
(11, 3,  549,  N'Tích điểm đơn ORD-20260122', 'ORDER', 11, 'EARN',   NULL,     'GOLD',   NULL, '2026-01-22 11:00:00'),
(12, 10, 249,  N'Tích điểm đơn ORD-20260123', 'ORDER', 12, 'EARN',   NULL,     'SILVER', NULL, '2026-01-23 14:30:00'),
(13, 11, 139,  N'Tích điểm đơn ORD-20260125', 'ORDER', 13, 'EARN',   NULL,     NULL,     NULL, '2026-01-25 16:00:00'),
(14, 2,  199,  N'Tích điểm đơn ORD-20260126', 'ORDER', 14, 'EARN',   NULL,     NULL,     NULL, '2026-01-26 10:00:00'),
(15, 7,  429,  N'Tích điểm đơn ORD-20260127', 'ORDER', 15, 'EARN',   'SILVER', 'GOLD',   NULL, '2026-01-27 10:30:00'),
(16, 5,  235,  N'Tích điểm đơn ORD-20260128', 'ORDER', 16, 'EARN',   'SILVER', NULL,     NULL, '2026-01-28 14:00:00'),
(17, 13, 675,  N'Tích điểm đơn ORD-20260129', 'ORDER', 17, 'EARN',   NULL,     'GOLD',   NULL, '2026-01-29 11:00:00'),
(18, 4,  179,  N'Tích điểm đơn ORD-20260130', 'ORDER', 18, 'EARN',   NULL,     NULL,     NULL, '2026-01-30 09:00:00'),
(19, 3,  299,  N'Tích điểm đơn ORD-20260131', 'ORDER', 19, 'EARN',   'GOLD',   NULL,     NULL, '2026-01-31 15:00:00'),
(20, 6,  165,  N'Tích điểm đơn ORD-20260131', 'ORDER', 20, 'EARN',   NULL,     NULL,     NULL, '2026-01-31 16:30:00'),
-- Tháng 2
(21, 1,  585,  N'Tích điểm đơn ORD-20260203', 'ORDER', 21, 'EARN',   'GOLD',   NULL,     NULL, '2026-02-03 10:00:00'),
(22, 12, 139,  N'Tích điểm đơn ORD-20260205', 'ORDER', 22, 'EARN',   NULL,     NULL,     NULL, '2026-02-05 11:00:00'),
(23, 5,  185,  N'Tích điểm đơn ORD-20260207', 'ORDER', 23, 'EARN',   'SILVER', NULL,     NULL, '2026-02-07 14:30:00'),
(24, 10, 389,  N'Tích điểm đơn ORD-20260208', 'ORDER', 24, 'EARN',   'SILVER', NULL,     NULL, '2026-02-08 09:30:00'),
(25, 7,  729,  N'Tích điểm đơn ORD-20260210', 'ORDER', 25, 'EARN',   'GOLD',   NULL,     NULL, '2026-02-10 15:00:00'),
(26, 8,  299,  N'Tích điểm đơn ORD-20260212', 'ORDER', 26, 'EARN',   NULL,     NULL,     NULL, '2026-02-12 11:00:00'),
(27, 2,  165,  N'Tích điểm đơn ORD-20260214', 'ORDER', 27, 'EARN',   NULL,     'SILVER', NULL, '2026-02-14 10:00:00'),
(28, 14, 145,  N'Tích điểm đơn ORD-20260215', 'ORDER', 28, 'EARN',   NULL,     NULL,     NULL, '2026-02-15 14:00:00'),
(29, 13, 429,  N'Tích điểm đơn ORD-20260217', 'ORDER', 29, 'EARN',   'GOLD',   NULL,     NULL, '2026-02-17 11:00:00'),
(30, 9,  189,  N'Tích điểm đơn ORD-20260218', 'ORDER', 30, 'EARN',   NULL,     NULL,     NULL, '2026-02-18 09:30:00'),
(31, 15, 179,  N'Tích điểm đơn ORD-20260220', 'ORDER', 31, 'EARN',   NULL,     NULL,     NULL, '2026-02-20 14:00:00'),
(32, 16, 139,  N'Tích điểm đơn ORD-20260222', 'ORDER', 32, 'EARN',   NULL,     NULL,     NULL, '2026-02-22 10:00:00'),
(33, 1,  289,  N'Tích điểm đơn ORD-20260224', 'ORDER', 33, 'EARN',   'GOLD',   NULL,     NULL, '2026-02-24 15:00:00'),
(34, 3,  229,  N'Tích điểm đơn ORD-20260225', 'ORDER', 34, 'EARN',   'GOLD',   NULL,     NULL, '2026-02-25 10:00:00'),
(35, 4,  189,  N'Tích điểm đơn ORD-20260226', 'ORDER', 35, 'EARN',   NULL,     NULL,     NULL, '2026-02-26 11:30:00'),
(36, 6,  245,  N'Tích điểm đơn ORD-20260228', 'ORDER', 36, 'EARN',   NULL,     NULL,     NULL, '2026-02-28 16:00:00'),
(37, 10, 145,  N'Tích điểm đơn ORD-20260228', 'ORDER', 37, 'EARN',   'SILVER', NULL,     NULL, '2026-02-28 17:00:00'),
-- Tháng 3
(38, 17, 139,  N'Tích điểm đơn ORD-20260301', 'ORDER', 39, 'EARN',   NULL,     NULL,     NULL, '2026-03-01 10:30:00'),
(39, 7,  549,  N'Tích điểm đơn ORD-20260303', 'ORDER', 40, 'EARN',   'GOLD',   NULL,     NULL, '2026-03-03 14:00:00'),
(40, 9,  165,  N'Tích điểm đơn ORD-20260305', 'ORDER', 41, 'EARN',   NULL,     NULL,     NULL, '2026-03-05 15:30:00'),
(41, 13, 729,  N'Tích điểm đơn ORD-20260307', 'ORDER', 42, 'EARN',   'GOLD',   NULL,     NULL, '2026-03-07 11:00:00'),
(42, 10, 185,  N'Tích điểm đơn ORD-20260308', 'ORDER', 43, 'EARN',   'SILVER', NULL,     NULL, '2026-03-08 09:00:00'),
(43, 12, 179,  N'Tích điểm đơn ORD-20260310', 'ORDER', 44, 'EARN',   NULL,     NULL,     NULL, '2026-03-10 14:00:00'),
(44, 8,  235,  N'Tích điểm đơn ORD-20260312', 'ORDER', 45, 'EARN',   NULL,     NULL,     NULL, '2026-03-12 11:00:00'),
(45, 15, 249,  N'Tích điểm đơn ORD-20260314', 'ORDER', 46, 'EARN',   NULL,     'SILVER', NULL, '2026-03-14 10:30:00'),
(46, 18, 289,  N'Tích điểm đơn ORD-20260315', 'ORDER', 47, 'EARN',   NULL,     NULL,     NULL, '2026-03-15 10:30:00'),
(47, 15, 229,  N'Tích điểm đơn ORD-20260316', 'ORDER', 48, 'EARN',   NULL,     'SILVER', NULL, '2026-03-16 11:00:00'),
(48, 5,  389,  N'Tích điểm đơn ORD-20260318', 'ORDER', 49, 'EARN',   'SILVER', NULL,     NULL, '2026-03-18 16:30:00'),
(49, 1,  299,  N'Tích điểm đơn ORD-20260320', 'ORDER', 50, 'EARN',   'GOLD',   NULL,     NULL, '2026-03-20 10:30:00'),
(50, 17, 165,  N'Tích điểm đơn ORD-20260320', 'ORDER', 51, 'EARN',   NULL,     NULL,     NULL, '2026-03-20 14:00:00'),
(51, 7,  289,  N'Tích điểm đơn ORD-20260322', 'ORDER', 52, 'EARN',   'GOLD',   NULL,     NULL, '2026-03-22 13:30:00'),
(52, 19, 139,  N'Tích điểm đơn ORD-20260325', 'ORDER', 53, 'EARN',   NULL,     NULL,     NULL, '2026-03-25 11:30:00'),
(53, 13, 559,  N'Tích điểm đơn ORD-20260328', 'ORDER', 54, 'EARN',   'GOLD',   NULL,     NULL, '2026-03-28 11:00:00'),
-- Redeem điểm (một số KH đổi điểm)
(54, 1,  -500, N'Đổi điểm lấy ưu đãi', 'REDEEM', NULL, 'REDEEM', 'GOLD', 'GOLD', 1, '2026-02-20 10:00:00'),
(55, 3,  -800, N'Đổi điểm lấy ưu đãi', 'REDEEM', NULL, 'REDEEM', 'GOLD', 'GOLD', 1, '2026-03-01 09:00:00');
SET IDENTITY_INSERT dbo.loyalty_ledger OFF;
GO

-- =============================================
-- 16. SPIN WHEEL HISTORY
-- =============================================
SET IDENTITY_INSERT dbo.spin_wheel_history ON;
INSERT INTO dbo.spin_wheel_history (id, customer_id, discount_bonus, week_start_date, spun_at, expires_at, is_used, used_order_id, created_at) VALUES
(1,  1,  5.00, '2026-01-05', '2026-01-07 19:30:00', '2026-01-11 23:59:59', 0, NULL,  '2026-01-07 19:30:00'),
(2,  7,  5.00, '2026-01-12', '2026-01-14 20:00:00', '2026-01-18 23:59:59', 0, NULL,  '2026-01-14 20:00:00'),
(3,  13, 7.00, '2026-01-19', '2026-01-21 21:00:00', '2026-01-25 23:59:59', 1, 17,    '2026-01-21 21:00:00'),
(4,  5,  3.00, '2026-01-26', '2026-01-28 18:00:00', '2026-02-01 23:59:59', 0, NULL,  '2026-01-28 18:00:00'),
(5,  7,  5.00, '2026-02-02', '2026-02-04 20:30:00', '2026-02-08 23:59:59', 1, 25,    '2026-02-04 20:30:00'),
(6,  1,  5.00, '2026-02-09', '2026-02-11 19:00:00', '2026-02-15 23:59:59', 0, NULL,  '2026-02-11 19:00:00'),
(7,  2,  3.00, '2026-02-09', '2026-02-11 21:00:00', '2026-02-15 23:59:59', 1, 27,    '2026-02-11 21:00:00'),
(8,  10, 3.00, '2026-02-23', '2026-02-25 19:30:00', '2026-03-01 23:59:59', 1, 37,    '2026-02-25 19:30:00'),
(9,  13, 7.00, '2026-02-23', '2026-02-25 20:00:00', '2026-03-01 23:59:59', 1, 42,    '2026-02-25 20:00:00'),
(10, 7,  5.00, '2026-03-02', '2026-03-02 20:00:00', '2026-03-08 23:59:59', 1, 40,    '2026-03-02 20:00:00'),
(11, 5,  3.00, '2026-03-16', '2026-03-17 19:00:00', '2026-03-22 23:59:59', 1, 49,    '2026-03-17 19:00:00'),
(12, 7,  5.00, '2026-03-16', '2026-03-17 21:30:00', '2026-03-22 23:59:59', 1, 52,    '2026-03-17 21:30:00'),
(13, 1,  5.00, '2026-03-23', '2026-03-24 20:00:00', '2026-03-29 23:59:59', 0, NULL,  '2026-03-24 20:00:00');
SET IDENTITY_INSERT dbo.spin_wheel_history OFF;
GO

-- =============================================
-- 17. STOCK TRANSACTIONS
-- =============================================
SET IDENTITY_INSERT dbo.stock_transactions ON;
INSERT INTO dbo.stock_transactions (id, variant_id, quantity, type, reference_type, reference_id, note, created_by, created_at) VALUES
-- Nhập kho ban đầu
(1,  1,  10, 'IMPORT', 'INIT', NULL, N'Nhập kho ban đầu', 4, '2025-12-01 08:00:00'),
(2,  2,  5,  'IMPORT', 'INIT', NULL, N'Nhập kho ban đầu', 4, '2025-12-01 08:00:00'),
(3,  3,  20, 'IMPORT', 'INIT', NULL, N'Nhập kho ban đầu', 4, '2025-12-01 08:00:00'),
(4,  4,  15, 'IMPORT', 'INIT', NULL, N'Nhập kho ban đầu', 4, '2025-12-01 08:00:00'),
(5,  5,  7,  'IMPORT', 'INIT', NULL, N'Nhập kho ban đầu', 4, '2025-12-01 08:00:00'),
(6,  6,  25, 'IMPORT', 'INIT', NULL, N'Nhập kho ban đầu', 4, '2025-12-01 08:00:00'),
(7,  7,  15, 'IMPORT', 'INIT', NULL, N'Nhập kho ban đầu', 4, '2025-12-01 08:00:00'),
(8,  10, 30, 'IMPORT', 'INIT', NULL, N'Nhập kho ban đầu', 4, '2025-12-01 08:00:00'),
(9,  11, 25, 'IMPORT', 'INIT', NULL, N'Nhập kho ban đầu', 4, '2025-12-01 08:00:00'),
(10, 12, 12, 'IMPORT', 'INIT', NULL, N'Nhập kho ban đầu', 4, '2025-12-01 08:00:00'),
(11, 13, 10, 'IMPORT', 'INIT', NULL, N'Nhập kho ban đầu', 4, '2025-12-01 08:00:00'),
(12, 18, 6,  'IMPORT', 'INIT', NULL, N'Nhập kho ban đầu', 4, '2025-12-01 08:00:00'),
(13, 19, 4,  'IMPORT', 'INIT', NULL, N'Nhập kho ban đầu', 4, '2025-12-01 08:00:00'),
-- Nhập bổ sung tháng 1
(14, 8,  8,  'IMPORT', 'PURCHASE_ORDER', NULL, N'Nhập hàng mới Asus ROG G16', 4, '2026-01-05 08:00:00'),
(15, 9,  3,  'IMPORT', 'PURCHASE_ORDER', NULL, N'Nhập hàng mới Asus ROG G16 cao cấp', 4, '2026-01-05 08:00:00'),
(16, 16, 15, 'IMPORT', 'PURCHASE_ORDER', NULL, N'Nhập MacBook Air M3 ra mắt', 4, '2026-01-01 08:00:00'),
(17, 17, 10, 'IMPORT', 'PURCHASE_ORDER', NULL, N'Nhập MacBook Air M3 16GB', 4, '2026-01-01 08:00:00'),
(18, 14, 18, 'IMPORT', 'PURCHASE_ORDER', NULL, N'Nhập Lenovo IdeaPad Gaming 3', 4, '2026-01-10 08:00:00'),
(19, 15, 12, 'IMPORT', 'PURCHASE_ORDER', NULL, N'Nhập Lenovo IdeaPad Gaming 3 Ryzen 7', 4, '2026-01-10 08:00:00'),
(20, 20, 12, 'IMPORT', 'PURCHASE_ORDER', NULL, N'Nhập MSI Katana 15', 4, '2026-01-15 08:00:00'),
-- Bán hàng (xuất kho theo đơn)
(21, 1,  -1, 'SALE', 'ORDER', 1,  N'Bán đơn ORD-20260103', 2, '2026-01-03 10:00:00'),
(22, 3,  -1, 'SALE', 'ORDER', 2,  N'Bán đơn ORD-20260105', 2, '2026-01-05 10:30:00'),
(23, 6,  -1, 'SALE', 'ORDER', 3,  N'Bán đơn ORD-20260106', 2, '2026-01-06 13:30:00'),
(24, 8,  -1, 'SALE', 'ORDER', 4,  N'Bán đơn ORD-20260108', 3, '2026-01-08 15:30:00'),
(25, 5,  -1, 'SALE', 'ORDER', 5,  N'Bán đơn ORD-20260110', 2, '2026-01-10 09:30:00'),
(26, 10, -1, 'SALE', 'ORDER', 6,  N'Bán đơn ORD-20260112', 2, '2026-01-12 11:00:00'),
(27, 16, -1, 'SALE', 'ORDER', 7,  N'Bán đơn ORD-20260115', 3, '2026-01-15 13:30:00'),
(28, 14, -1, 'SALE', 'ORDER', 8,  N'Bán đơn ORD-20260116', 2, '2026-01-16 09:30:00'),
(29, 7,  -1, 'SALE', 'ORDER', 9,  N'Bán đơn ORD-20260118', 3, '2026-01-18 14:30:00'),
(30, 11, -1, 'SALE', 'ORDER', 10, N'Bán đơn ORD-20260120', 2, '2026-01-20 08:30:00'),
(31, 18, -1, 'SALE', 'ORDER', 11, N'Bán đơn ORD-20260122', 3, '2026-01-22 10:30:00'),
(32, 13, -1, 'SALE', 'ORDER', 12, N'Bán đơn ORD-20260123', 2, '2026-01-23 14:00:00'),
(33, 10, -1, 'SALE', 'ORDER', 13, N'Bán đơn ORD-20260125', 2, '2026-01-25 15:30:00'),
(34, 6,  -1, 'SALE', 'ORDER', 14, N'Bán đơn ORD-20260126', 3, '2026-01-26 09:30:00'),
(35, 1,  -1, 'SALE', 'ORDER', 15, N'Bán đơn ORD-20260127', 3, '2026-01-27 10:00:00'),
(36, 15, -1, 'SALE', 'ORDER', 16, N'Bán đơn ORD-20260128', 2, '2026-01-28 13:30:00'),
(37, 9,  -1, 'SALE', 'ORDER', 17, N'Bán đơn ORD-20260129', 3, '2026-01-29 10:30:00'),
(38, 4,  -1, 'SALE', 'ORDER', 18, N'Bán đơn ORD-20260130', 2, '2026-01-30 08:30:00'),
(39, 20, -1, 'SALE', 'ORDER', 19, N'Bán đơn ORD-20260131', 3, '2026-01-31 14:30:00'),
(40, 11, -1, 'SALE', 'ORDER', 20, N'Bán đơn ORD-20260131', 2, '2026-01-31 16:00:00'),
-- Tháng 2
(41, 21, 10, 'IMPORT', 'PURCHASE_ORDER', NULL, N'Nhập Acer Swift Go 14', 4, '2026-02-01 08:00:00'),
(42, 2,  -1, 'SALE', 'ORDER', 21, N'Bán đơn ORD-20260203', 3, '2026-02-03 09:30:00'),
(43, 10, -1, 'SALE', 'ORDER', 22, N'Bán đơn ORD-20260205', 2, '2026-02-05 10:30:00'),
(44, 14, -1, 'SALE', 'ORDER', 23, N'Bán đơn ORD-20260207', 2, '2026-02-07 14:00:00'),
(45, 5,  -1, 'SALE', 'ORDER', 24, N'Bán đơn ORD-20260208', 3, '2026-02-08 09:00:00'),
(46, 19, -1, 'SALE', 'ORDER', 25, N'Bán đơn ORD-20260210', 3, '2026-02-10 14:30:00'),
(47, 20, -1, 'SALE', 'ORDER', 26, N'Bán đơn ORD-20260212', 2, '2026-02-12 10:30:00'),
(48, 11, -1, 'SALE', 'ORDER', 27, N'Bán đơn ORD-20260214', 2, '2026-02-14 09:30:00'),
(49, 3,  -1, 'SALE', 'ORDER', 28, N'Bán đơn ORD-20260215', 2, '2026-02-15 13:30:00'),
(50, 1,  -1, 'SALE', 'ORDER', 29, N'Bán đơn ORD-20260217', 3, '2026-02-17 10:30:00'),
(51, 12, -1, 'SALE', 'ORDER', 30, N'Bán đơn ORD-20260218', 2, '2026-02-18 09:00:00'),
(52, 4,  -1, 'SALE', 'ORDER', 31, N'Bán đơn ORD-20260220', 2, '2026-02-20 13:30:00'),
(53, 10, -1, 'SALE', 'ORDER', 32, N'Bán đơn ORD-20260222', 2, '2026-02-22 09:30:00'),
(54, 16, -1, 'SALE', 'ORDER', 33, N'Bán đơn ORD-20260224', 3, '2026-02-24 14:30:00'),
(55, 21, -1, 'SALE', 'ORDER', 34, N'Bán đơn ORD-20260225', 3, '2026-02-25 09:30:00'),
(56, 12, -1, 'SALE', 'ORDER', 35, N'Bán đơn ORD-20260226', 2, '2026-02-26 11:00:00'),
(57, 7,  -1, 'SALE', 'ORDER', 36, N'Bán đơn ORD-20260228', 2, '2026-02-28 15:30:00'),
(58, 3,  -1, 'SALE', 'ORDER', 37, N'Bán đơn ORD-20260228', 2, '2026-02-28 16:30:00'),
-- Tháng 3
(59, 10, -1, 'SALE', 'ORDER', 39, N'Bán đơn ORD-20260301', 2, '2026-03-01 10:00:00'),
(60, 18, -1, 'SALE', 'ORDER', 40, N'Bán đơn ORD-20260303', 3, '2026-03-03 13:30:00'),
(61, 11, -1, 'SALE', 'ORDER', 41, N'Bán đơn ORD-20260305', 2, '2026-03-05 15:00:00'),
(62, 19, -1, 'SALE', 'ORDER', 42, N'Bán đơn ORD-20260307', 3, '2026-03-07 10:30:00'),
(63, 14, -1, 'SALE', 'ORDER', 43, N'Bán đơn ORD-20260308', 2, '2026-03-08 08:30:00'),
(64, 4,  -1, 'SALE', 'ORDER', 44, N'Bán đơn ORD-20260310', 2, '2026-03-10 13:30:00'),
(65, 15, -1, 'SALE', 'ORDER', 45, N'Bán đơn ORD-20260312', 2, '2026-03-12 10:30:00'),
(66, 13, -1, 'SALE', 'ORDER', 46, N'Bán đơn ORD-20260314', 3, '2026-03-14 10:00:00'),
(67, 16, -1, 'SALE', 'ORDER', 47, N'Bán đơn ORD-20260315', 2, '2026-03-15 10:00:00'),
(68, 21, -1, 'SALE', 'ORDER', 48, N'Bán đơn ORD-20260316', 3, '2026-03-16 10:30:00'),
(69, 17, -1, 'SALE', 'ORDER', 49, N'Bán đơn ORD-20260318', 2, '2026-03-18 16:00:00'),
(70, 20, -1, 'SALE', 'ORDER', 50, N'Bán đơn ORD-20260320', 3, '2026-03-20 10:00:00'),
(71, 11, -1, 'SALE', 'ORDER', 51, N'Bán đơn ORD-20260320', 2, '2026-03-20 13:30:00'),
(72, 16, -1, 'SALE', 'ORDER', 52, N'Bán đơn ORD-20260322', 3, '2026-03-22 13:00:00'),
(73, 10, -1, 'SALE', 'ORDER', 53, N'Bán đơn ORD-20260325', 2, '2026-03-25 11:00:00'),
(74, 8,  -1, 'SALE', 'ORDER', 54, N'Bán đơn ORD-20260328', 3, '2026-03-28 10:30:00'),
-- Trả hàng lại kho (return order 9)
(75, 7,  1, 'RETURN', 'RETURN', 1, N'Nhận hàng hoàn trả, lỗi màn hình', 4, '2026-01-22 10:00:00');
SET IDENTITY_INSERT dbo.stock_transactions OFF;
GO

-- =============================================
-- 18. AUDIT LOGS (mẫu một số sự kiện quan trọng)
-- =============================================
SET IDENTITY_INSERT dbo.audit_logs ON;
INSERT INTO dbo.audit_logs (id, user_id, module, action, target_type, target_id, details_json, ip_address, created_at) VALUES
(1,  1, 'PROMOTION', 'CREATE', 'promotion', 1,  N'{"code":"TETMUNG2026"}',             '192.168.1.1', '2026-01-20 08:00:00'),
(2,  1, 'PROMOTION', 'CREATE', 'promotion', 3,  N'{"code":"GAMING10"}',                '192.168.1.1', '2026-01-10 08:00:00'),
(3,  2, 'ORDER',     'CREATE', 'order',     1,  N'{"order_number":"ORD-20260103-001000"}','192.168.1.2','2026-01-03 10:00:00'),
(4,  3, 'ORDER',     'CREATE', 'order',     4,  N'{"order_number":"ORD-20260108-001003"}','192.168.1.3','2026-01-08 15:30:00'),
(5,  2, 'RETURN',    'CREATE', 'return',    1,  N'{"order_id":9,"reason":"Lỗi màn hình"}','192.168.1.2','2026-01-22 10:00:00'),
(6,  1, 'CUSTOMER',  'UPDATE', 'customer',  3,  N'{"vip_tier":"GOLD","changed_by":"system"}','192.168.1.1','2026-01-22 11:00:00'),
(7,  1, 'CUSTOMER',  'UPDATE', 'customer',  7,  N'{"vip_tier":"GOLD","changed_by":"system"}','192.168.1.1','2026-01-27 10:30:00'),
(8,  1, 'CUSTOMER',  'UPDATE', 'customer',  13, N'{"vip_tier":"GOLD","changed_by":"system"}','192.168.1.1','2026-01-29 11:00:00'),
(9,  4, 'INVENTORY', 'IMPORT', 'variant',   8,  N'{"qty":8,"note":"Nhập ROG Strix G16"}','192.168.1.4','2026-01-05 08:00:00'),
(10, 4, 'INVENTORY', 'IMPORT', 'variant',   16, N'{"qty":15,"note":"Nhập MacBook Air M3"}','192.168.1.4','2026-01-01 08:00:00'),
(11, 1, 'PROMOTION', 'CREATE', 'promotion', 4,  N'{"code":"APPLE1TRIEU"}',             '192.168.1.1', '2026-02-25 08:00:00'),
(12, 3, 'ORDER',     'CREATE', 'order',     25, N'{"order_number":"ORD-20260210-001024"}','192.168.1.3','2026-02-10 14:30:00'),
(13, 2, 'ORDER',     'CANCEL', 'order',     38, N'{"reason":"KH hủy trước giao hàng"}', '192.168.1.2','2026-03-01 09:00:00'),
(14, 3, 'ORDER',     'CREATE', 'order',     42, N'{"order_number":"ORD-20260307-001041"}','192.168.1.3','2026-03-07 10:30:00'),
(15, 4, 'INVENTORY', 'IMPORT', 'variant',   21, N'{"qty":10,"note":"Nhập Acer Swift Go 14"}','192.168.1.4','2026-02-01 08:00:00');
SET IDENTITY_INSERT dbo.audit_logs OFF;
GO

-- =============================================
-- 19. USER LOGINS (mẫu)
-- =============================================
SET IDENTITY_INSERT dbo.user_logins ON;
INSERT INTO dbo.user_logins (id, user_id, username, success, ip_address, user_agent, created_at) VALUES
(1,  1,    'admin',       1, '192.168.1.1', N'Mozilla/5.0 (Windows NT 10.0; Win64; x64) AppleWebKit/537.36 Chrome/120.0.0.0 Safari/537.36', '2026-01-02 08:00:00'),
(2,  2,    'sales01',     1, '192.168.1.2', N'Mozilla/5.0 (Windows NT 10.0; Win64; x64) AppleWebKit/537.36 Chrome/120.0.0.0 Safari/537.36', '2026-01-03 08:30:00'),
(3,  3,    'sales02',     1, '192.168.1.3', N'Mozilla/5.0 (Windows NT 10.0; Win64; x64) AppleWebKit/537.36 Chrome/120.0.0.0 Safari/537.36', '2026-01-03 08:45:00'),
(4,  4,    'inventory01', 1, '192.168.1.4', N'Mozilla/5.0 (Windows NT 10.0; Win64; x64) AppleWebKit/537.36 Chrome/120.0.0.0 Safari/537.36', '2026-01-05 07:55:00'),
(5,  NULL, 'hacker_test', 0, '203.0.113.5', N'curl/7.68.0',                                                                                  '2026-01-10 02:15:00'),
(6,  NULL, 'hacker_test', 0, '203.0.113.5', N'curl/7.68.0',                                                                                  '2026-01-10 02:16:00'),
(7,  NULL, 'hacker_test', 0, '203.0.113.5', N'curl/7.68.0',                                                                                  '2026-01-10 02:17:00'),
(8,  1,    'admin',       1, '192.168.1.1', N'Mozilla/5.0 (Windows NT 10.0; Win64; x64) AppleWebKit/537.36 Chrome/121.0.0.0 Safari/537.36', '2026-02-01 08:00:00'),
(9,  2,    'sales01',     1, '192.168.1.2', N'Mozilla/5.0 (Windows NT 10.0; Win64; x64) AppleWebKit/537.36 Chrome/121.0.0.0 Safari/537.36', '2026-02-03 08:30:00'),
(10, 3,    'sales02',     1, '192.168.1.3', N'Mozilla/5.0 (Windows NT 10.0; Win64; x64) AppleWebKit/537.36 Chrome/122.0.0.0 Safari/537.36', '2026-03-01 08:45:00');
SET IDENTITY_INSERT dbo.user_logins OFF;
GO

-- =============================================
-- 20. SYSTEM SETTINGS
-- =============================================
INSERT INTO dbo.system_settings (setting_key, setting_value, updated_at) VALUES
('loyalty_earn_rate',     '1',          '2025-12-01 08:00:00'),  -- 1 point per 100,000 VND
('vip_silver_threshold',  '10000000',   '2025-12-01 08:00:00'),  -- 10 triệu để lên Silver
('vip_gold_threshold',    '30000000',   '2025-12-01 08:00:00'),  -- 30 triệu để lên Gold
('vip_silver_discount',   '3',          '2025-12-01 08:00:00'),  -- 3% cho Silver
('vip_gold_discount',     '3',          '2025-12-01 08:00:00'),  -- 3% cho Gold
('spin_enabled',          'true',       '2025-12-01 08:00:00'),
('spin_max_bonus',        '7',          '2025-12-01 08:00:00'),  -- tối đa 7%
('spin_expire_days',      '7',          '2025-12-01 08:00:00'),
('shipping_fee_online',   '30000',      '2025-12-01 08:00:00'),
('currency_default',      'VND',        '2025-12-01 08:00:00');
GO

-- =============================================
-- DONE
-- =============================================
PRINT 'Seed data inserted successfully!';
PRINT 'Tables populated: users, customers, categories, tags, products, product_variants,';
PRINT '  product_categories, product_tags, price_history, promotions, promotion_redemptions,';
PRINT '  orders (54), order_items (54), payments (53), returns (3),';
PRINT '  loyalty_ledger (55), spin_wheel_history (13), stock_transactions (75),';
PRINT '  audit_logs (15), user_logins (10), system_settings (10)';
GO